"beer_abv","rating","beer_ibu","style"
"5","2.25","0","Lager"
"5","2.25","0","Helles"
"5","3","0","Lager"
"5","3","0","Pale"
"5","2.5","0","Lager"
"5","2.5","0","Pale"
"5","2.75","21","Lager"
"5","2.75","21","Euro"
"0","1","0","Non-Alcoholic"
"4.5","3.75","40","Pilsner"
"4.5","3.75","40","Other"
"4.5","3.75","65","IPA"
"4.5","3.75","65","Session"
"4.5","3.75","65","India"
"4.5","3.75","65","Session"
"4.5","3.75","65","Ale"
"9","4","45","Brown"
"9","4","45","Ale"
"9","4","45","Imperial"
"9","4","45","Double"
"5.5","3.5","50","Gluten-Free"
"4.5","3.5","0","M?rzen"
"7","2","0","Porter"
"7","2","0","Other"
"5.2","3","60","Pilsner"
"5.2","3","60","Other"
"4.5","3","0","Golden"
"4.5","3","0","Ale"
"4.9","1","0","Lager"
"4.9","1","0","Euro"
"8.5","3.5","72","Barleywine"
"8.5","3.5","72","American"
"7","4","70","IPA"
"7","4","70","American"
"9","4","167","IPA"
"9","4","167","Imperial"
"9","4","167","Double"
"6.5","3.5","60","Stout"
"6.5","3.5","60","American"
"4.7","2.75","20","Lager"
"4.7","2.75","20","Euro"
"5.2","3.5","53","Red"
"5.2","3.5","53","Ale"
"5.2","3.5","53","Other"
"6.8","3.5","61","IPA"
"6.8","3.5","61","American"
"5","3","0","Witbier"
"6.66","4","45","IPA"
"6.66","4","45","Black"
"6.66","4","45","Cascadian"
"6.66","4","45","Dark"
"6.66","4","45","Ale"
"6.2","4","52","Rye"
"6.2","4","52","IPA"
"8","3","25","Stout"
"8","3","25","Imperial"
"8","3","25","Double"
"4","4","41","IPA"
"4","4","41","Black"
"4","4","41","Cascadian"
"4","4","41","Dark"
"4","4","41","Ale"
"4.5","3.5","0","Stout"
"4.5","3.5","0","Irish"
"4.5","3.5","0","Dry"
"5.3","4","42","Pale"
"5.3","4","42","Ale"
"5.3","4","42","American"
"8.5","3.75","46","Belgian"
"8.5","3.75","46","Strong"
"8.5","3.75","46","Dark"
"8.5","3.75","46","Ale"
"7","3.5","62","IPA"
"7","3.5","62","American"
"7.5","3.5","0","IPA"
"7.5","3.5","0","Belgian"
"6.5","3.75","0","IPA"
"6.5","3.75","0","Triple"
"7","1","0","Lambic"
"7","1","0","Traditional"
"8.5","3.5","0","Belgian"
"8.5","3.5","0","Strong"
"8.5","3.5","0","Dark"
"8.5","3.5","0","Ale"
"6.5","3","20","Brown"
"6.5","3","20","Ale"
"6.5","3","20","Belgian"
"6.8","3","0","Blonde"
"6.8","3","0","Ale"
"6.8","3","0","Belgian"
"6.8","3","0","Blonde"
"6.8","3","0","Golden"
"7","3.25","67","IPA"
"7","3.25","67","International"
"11","3.75","54","Barleywine"
"11","3.75","54","American"
"6.7","4","0","Smoked"
"6.7","4","0","Beer"
"11","3.5","30","Porter"
"11","3.5","30","Baltic"
"5.5","3.5","24","Saison"
"5.5","3.5","24","Farmhouse"
"5.5","3.5","24","Ale"
"8.8","3.75","68","Red"
"8.8","3.75","68","Ale"
"8.8","3.75","68","Imperial"
"8.8","3.75","68","Double"
"7","3.5","45","Porter"
"7","3.5","45","Baltic"
"5.5","3.5","60","Pale"
"5.5","3.5","60","Ale"
"5.5","3.5","60","American"
"8.2","2","34","Lager"
"8.2","2","34","Euro"
"8.2","2","34","Strong"
"4.7","2.5","0","Saison"
"4.7","2.5","0","Farmhouse"
"4.7","2.5","0","Ale"
"4.5","3.5","0","Pale"
"4.5","3.5","0","Ale"
"4.5","3.5","0","American"
"5","1","16","Lager"
"5","1","16","Japanese"
"5","1","16","Rice"
"6.5","3","0","Sour"
"6.5","3","0","Farmhouse"
"6.5","3","0","IPA"
"5.9","4","53","Smoked"
"5.9","4","53","Beer"
"7.77","3.5","76","IPA"
"7.77","3.5","76","Imperial"
"7.77","3.5","76","Double"
"4.7","2.5","35","Pilsner"
"4.7","2.5","35","Other"
"4.7","3.5","0","IPA"
"4.7","3.5","0","Session"
"4.7","3.5","0","India"
"4.7","3.5","0","Session"
"4.7","3.5","0","Ale"
"5.4","2","0","Lager"
"5.4","2","0","Dortmunder"
"5.4","2","0","Export"
"5.3","4","0","Lager"
"5.3","4","0","Dunkel"
"5.3","4","0","Munich"
"4.7","3.5","0","Pilsner"
"4.7","3.5","0","German"
"5.6","3.5","55","IPA"
"5.6","3.5","55","White"
"4.1","3.5","0","Pale"
"4.1","3.5","0","Ale"
"4.1","3.5","0","American"
"4.7","2.5","30","Pale"
"4.7","2.5","30","Ale"
"4.7","2.5","30","International"
"4.5","4","0","Stout"
"4.5","4","0","Oatmeal"
"4.5","4.25","0","IPA"
"4.5","4.25","0","Session"
"4.5","4.25","0","India"
"4.5","4.25","0","Session"
"4.5","4.25","0","Ale"
"9.5","3.75","75","Stout"
"9.5","3.75","75","American"
"9.5","3.75","75","Imperial"
"9.5","3.75","75","Double"
"9","4","80","IPA"
"9","4","80","Imperial"
"9","4","80","Double"
"4.4","4","44","IPA"
"4.4","4","44","Red"
"7","4","90","IPA"
"7","4","90","Black"
"7","4","90","Cascadian"
"7","4","90","Dark"
"7","4","90","Ale"
"7","4.5","0","IPA"
"7","4.5","0","American"
"6.7","5","75","IPA"
"6.7","5","75","American"
"6.2","4","40","IPA"
"6.2","4","40","New"
"6.2","4","40","England"
"5.5","4","0","IPA"
"5.5","4","0","American"
"4.5","3.75","55","IPA"
"4.5","3.75","55","Session"
"4.5","3.75","55","India"
"4.5","3.75","55","Session"
"4.5","3.75","55","Ale"
"4.5","3","35","Pale"
"4.5","3","35","Ale"
"4.5","3","35","American"
"3.4","3.5","35","Dark"
"3.4","3.5","35","Ale"
"4.2","3.75","29","English"
"4.2","3.75","29","Bitter"
"7.5","3.75","35","Belgian"
"7.5","3.75","35","Dubbel"
"5.2","3.5","0","Pilsner"
"5.2","3.5","0","Other"
"6.5","3.5","65","Pale"
"6.5","3.5","65","Ale"
"6.5","3.5","65","American"
"8.4","4.25","16","Belgian"
"8.4","4.25","16","Tripel"
"4.8","1.5","57","Pale"
"4.8","1.5","57","Ale"
"4.8","1.5","57","American"
"4.7","2","0","Cider"
"5.6","3.5","35","Stout"
"5.6","3.5","35","Other"
"5.5","4.5","0","IPA"
"5.5","4.5","0","American"
"4.5","3.25","30","Pale"
"4.5","3.25","30","Wheat"
"4.5","3.25","30","Ale"
"4.5","3.25","30","American"
"4.5","1.25","26","Pilsner"
"4.5","1.25","26","Other"
"8","4","70","Stout"
"8","4","70","Oatmeal"
"5.2","3.5","15","Witbier"
"5.2","3.5","0","Witbier"
"5.2","4.25","0","IPA"
"5.2","4.25","0","English"
"10.6","4","60","Stout"
"10.6","4","60","Russian"
"10.6","4","60","Imperial"
"4.5","3","0","Lager"
"4.5","3","0","Dark"
"4.3","1.5","0","Ginger"
"4.3","1.5","0","Beer"
"10","4","0","Stout"
"10","4","0","Imperial"
"10","4","0","Double"
"5.8","2.5","0","Pilsner"
"5.8","2.5","0","Czech"
"5.5","3","0","Cider"
"8.2","3.5","0","IPA"
"8.2","3.5","0","Imperial"
"8.2","3.5","0","Double"
"7","4.25","79","Lager"
"7","4.25","79","IPL"
"7","4.25","79","(India"
"7","4.25","79","Pale"
"7","4.25","79","Lager)"
"6","2.5","0","Porter"
"6","2.5","0","Other"
"5.6","3","0","Sour"
"5.6","3","0","Farmhouse"
"5.6","3","0","IPA"
"5.2","4","0","IPA"
"5.2","4","0","Session"
"5.2","4","0","India"
"5.2","4","0","Session"
"5.2","4","0","Ale"
"5.8","5","0","Stout"
"5.8","5","0","Milk"
"5.8","5","0","Sweet"
"5.8","3.75","0","Pale"
"5.8","3.75","0","Ale"
"5.8","3.75","0","American"
"5.2","3.25","0","Witbier"
"8.2","4.5","0","Stout"
"8.2","4.5","0","Imperial"
"8.2","4.5","0","Double"
"6","3.75","40","Lager"
"6","3.75","40","IPL"
"6","3.75","40","(India"
"6","3.75","40","Pale"
"6","3.75","40","Lager)"
"8","4.5","29","Stout"
"8","4.5","29","Imperial"
"8","4.5","29","Double"
"8.8","3.5","90","IPA"
"8.8","3.5","90","Imperial"
"8.8","3.5","90","Double"
"6.6","4","31","Porter"
"6.6","4","31","Other"
"5.5","4","31","Saison"
"5.5","4","31","Farmhouse"
"5.5","4","31","Ale"
"7","3.5","0","Sour"
"7","3.5","0","Flanders"
"7","3.5","0","Red"
"7","3.5","0","Ale"
"10","4","50","Stout"
"10","4","50","Imperial"
"10","4","50","Double"
"7","4","0","IPA"
"7","4","0","American"
"9","4.25","0","Barleywine"
"9","4.25","0","American"
"2.8","2","45","Other"
"4.6","3.5","0","Pilsner"
"4.6","3.5","0","Other"
"4.7","3.25","26","Lager"
"4.7","3.25","26","Helles"
"5.7","4","48","Red"
"5.7","4","48","Ale"
"5.7","4","48","American"
"5.7","4","48","Amber"
"5.7","4","48","Red"
"4.5","2.5","0","Lager"
"4.5","2.5","0","Euro"
"4.7","3.5","50","Pale"
"4.7","3.5","50","Ale"
"4.7","3.5","50","American"
"6.3","1","0","Lager"
"6.3","1","0","Dunkel"
"6.3","1","0","Munich"
"6.7","4","75","IPA"
"6.7","4","75","American"
"4.6","3","22","Lager"
"4.6","3","22","Euro"
"7.4","4.5","70","IPA"
"7.4","4.5","70","Imperial"
"7.4","4.5","70","Double"
"4.7","4","34","Pale"
"4.7","4","34","Ale"
"4.7","4","34","New"
"4.7","4","34","Zealand"
"4.7","3.5","0","Red"
"4.7","3.5","0","Ale"
"4.7","3.5","0","American"
"4.7","3.5","0","Amber"
"4.7","3.5","0","Red"
"4.5","3.75","30","Pilsner"
"4.5","3.75","30","Other"
"6.2","3.5","70","IPA"
"6.2","3.5","70","American"
"6","4","0","Cider"
"11","4","100","Stout"
"11","4","100","Russian"
"11","4","100","Imperial"
"8.5","4","135","IPA"
"8.5","4","135","Imperial"
"8.5","4","135","Double"
"10.5","3.75","60","Porter"
"10.5","3.75","60","Baltic"
"5.1","3","0","IPA"
"5.1","3","0","International"
"6","4.5","0","IPA"
"6","4.5","0","American"
"5","4","0","Rauchbier"
"4.5","1","0","Fruit"
"4.5","1","0","Beer"
"4.6","3.25","0","Porter"
"4.6","3.25","0","Other"
"3.5","2.25","50","Pale"
"3.5","2.25","50","Ale"
"3.5","2.25","50","American"
"4.7","2.25","70","IPA"
"4.7","2.25","70","Session"
"4.7","2.25","70","India"
"4.7","2.25","70","Session"
"4.7","2.25","70","Ale"
"2.8","3","12","Sour"
"2.8","3","12","Gose"
"9","4.25","60","Stout"
"9","4.25","60","Imperial"
"9","4.25","60","Double"
"4.5","3.5","0","Cider"
"4.4","2.25","0","Lager"
"4.4","2.25","0","Euro"
"7.3","3","35","Saison"
"7.3","3","35","Farmhouse"
"7.3","3","35","Ale"
"6.1","3","80","IPA"
"6.1","3","80","American"
"5.7","4","40","Pale"
"5.7","4","40","Wheat"
"5.7","4","40","Ale"
"5.7","4","40","American"
"6","3.25","25","Stout"
"6","3.25","25","Other"
"9.5","5","100","IPA"
"9.5","5","100","Imperial"
"9.5","5","100","Double"
"5","2.5","0","Pilsner"
"5","2.5","0","Czech"
"8.1","5","100","Strong"
"8.1","5","100","Ale"
"8.1","5","100","American"
"6.5","4.5","0","Stout"
"6.5","4.5","0","American"
"4.7","2.5","20","Pilsner"
"4.7","2.5","20","German"
"7.2","3.5","250","Rye"
"7.2","3.5","250","IPA"
"8.8","5","0","Porter"
"8.8","5","0","Imperial"
"8.8","5","0","Double"
"0","4","38","Pale"
"0","4","38","Ale"
"0","4","38","International"
"4.2","1.75","20","Lager"
"4.2","1.75","20","Amber"
"4.2","2","0","Lager"
"4.2","2","0","Vienna"
"4.5","3.5","0","Lager"
"4.5","3.5","0","Pale"
"4.7","3.5","0","Lager"
"4.7","3.5","0","North"
"4.7","3.5","0","American"
"4.7","3.5","0","Adjunct"
"5.5","4.5","0","Saison"
"5.5","4.5","0","Farmhouse"
"5.5","4.5","0","Ale"
"7.1","4","30","Porter"
"7.1","4","30","English"
"6","3","24","Saison"
"6","3","24","Farmhouse"
"6","3","24","Ale"
"6.1","3.5","80","IPA"
"6.1","3.5","80","Black"
"6.1","3.5","80","Cascadian"
"6.1","3.5","80","Dark"
"6.1","3.5","80","Ale"
"5.7","4","37","Pilsner"
"5.7","4","37","Czech"
"6.9","3","10","Gruit"
"6.9","3","10","Ancient"
"6.9","3","10","Herbed"
"6.9","3","10","Ale"
"6.5","2","40","IPA"
"6.5","2","40","American"
"3.8","3","25","Pale"
"3.8","3","25","Ale"
"3.8","3","25","American"
"9","3.5","35","Belgian"
"9","3.5","35","Tripel"
"8.5","3.5","56","Belgian"
"8.5","3.5","56","Tripel"
"6.3","4.25","0","IPA"
"6.3","4.25","0","American"
"6","3.5","45","IPA"
"6","3.5","45","American"
"8.8","3.75","0","IPA"
"8.8","3.75","0","Imperial"
"8.8","3.75","0","Double"
"8.8","3.75","0","Black"
"6.5","4","25","Bock"
"5.7","3.5","0","IPA"
"5.7","3.5","0","English"
"4.7","3.25","32","Lager"
"4.7","3.25","32","American"
"4.7","3.25","32","Amber"
"4.7","3.25","32","Red"
"11.5","4.25","66","Stout"
"11.5","4.25","66","American"
"11.5","4.25","66","Imperial"
"11.5","4.25","66","Double"
"4.6","4","0","Lager"
"4.6","4","0","Euro"
"9.9","4","0","Porter"
"9.9","4","0","Baltic"
"4.2","3","20","Porter"
"4.2","3","20","English"
"0.07","2","0","Other"
"10.2","4","42","Stout"
"10.2","4","42","Imperial"
"10.2","4","42","Double"
"6","3.5","70","IPA"
"6","3.5","70","American"
"4.5","4","40","IPA"
"4.5","4","40","Session"
"4.5","4","40","India"
"4.5","4","40","Session"
"4.5","4","40","Ale"
"4.7","3","0","Pilsner"
"4.7","3","0","Czech"
"6.5","2.5","49","IPA"
"6.5","2.5","49","Black"
"6.5","2.5","49","Cascadian"
"6.5","2.5","49","Dark"
"6.5","2.5","49","Ale"
"5.8","2.25","44","IPA"
"5.8","2.25","44","English"
"9","3.5","0","Stout"
"9","3.5","0","Imperial"
"9","3.5","0","Double"
"6","4","40","Brown"
"6","4","40","Ale"
"6","4","40","American"
"4.5","3.5","35","Pale"
"4.5","3.5","35","Ale"
"4.5","3.5","35","American"
"4.7","4","0","Pale"
"4.7","4","0","Ale"
"4.7","4","0","American"
"8","3.75","50","Red"
"8","3.75","50","Ale"
"8","3.75","50","Imperial"
"8","3.75","50","Double"
"8","4.5","40","Porter"
"8","4.5","40","Imperial"
"8","4.5","40","Double"
"6.3","1.75","0","Belgian"
"6.3","1.75","0","Strong"
"6.3","1.75","0","Golden"
"6.3","1.75","0","Ale"
"4.5","4.5","30","Lager"
"4.5","4.5","30","Euro"
"10","2.75","25","Doppelbock"
"10","2.75","25",""
"6","3.75","0","Porter"
"6","3.75","0","Other"
"0","1.25","16","Non-Alcoholic"
"4.8","3.25","30","Stout"
"4.8","3.25","30","Milk"
"4.8","3.25","30","Sweet"
"7","1.75","0","Porter"
"7","1.75","0","Other"
"10.4","3.5","72","Barleywine"
"10.4","3.5","72","American"
"6.2","3.75","70","IPA"
"6.2","3.75","70","American"
"6.2","4","50","Pale"
"6.2","4","50","Ale"
"6.2","4","50","International"
"4.5","3.5","10","Schwarzbier"
"5.5","2.25","23","Golden"
"5.5","2.25","23","Ale"
"4.7","4.5","10","Witbier"
"4.5","3.25","25","Porter"
"4.5","3.25","25","Other"
"4.5","2.25","0","Lager"
"4.5","2.25","0","Winter"
"10.5","4.25","0","IPA"
"10.5","4.25","0","Triple"
"7.5","4.5","23","Strong"
"7.5","4.5","23","Ale"
"7.5","4.5","23","English"
"5.4","3.5","33","Stout"
"5.4","3.5","33","Oatmeal"
"6","3.5","0","IPA"
"6","3.5","0","American"
"6","3.75","0","Red"
"6","3.75","0","Ale"
"6","3.75","0","American"
"6","3.75","0","Amber"
"6","3.75","0","Red"
"8","4","107","IPA"
"8","4","107","Imperial"
"8","4","107","Double"
"7.5","3.75","60","IPA"
"7.5","3.75","60","American"
"5.3","4.25","0","IPA"
"5.3","4.25","0","American"
"8.2","3.75","0","IPA"
"8.2","3.75","0","Imperial"
"8.2","3.75","0","Double"
"4.7","3.5","45","Pale"
"4.7","3.5","45","Ale"
"4.7","3.5","45","American"
"6","3.5","38","Porter"
"6","3.5","38","Baltic"
"7.2","4.5","250","Spiced"
"7.2","4.5","250","Herbed"
"7.2","4.5","250","Beer"
"7","4","0","Scotch"
"7","4","0","Ale"
"7","4","0","Wee"
"7","4","0","Heavy"
"6.5","3.5","50","IPA"
"6.5","3.5","50","American"
"4.7","3.5","50","IPA"
"4.7","3.5","50","Session"
"4.7","3.5","50","India"
"4.7","3.5","50","Session"
"4.7","3.5","50","Ale"
"4.7","1.5","30","Pale"
"4.7","1.5","30","Ale"
"4.7","1.5","30","American"
"4.5","3","50","IPA"
"4.5","3","50","Session"
"4.5","3","50","India"
"4.5","3","50","Session"
"4.5","3","50","Ale"
"4.3","4.25","0","Winter"
"4.3","4.25","0","Ale"
"5.5","4.5","22","M?rzen"
"4.7","3.5","50","IPA"
"4.7","3.5","50","Session"
"4.7","3.5","50","India"
"4.7","3.5","50","Session"
"4.7","3.5","50","Ale"
"6","3.75","70","IPA"
"6","3.75","70","American"
"5.5","3.75","20","Sour"
"5.5","3.75","20","Ale"
"5.3","2.5","29","M?rzen"
"5.9","2.75","0","Lager"
"5.9","2.75","0","Pale"
"5.4","3","0","Lager"
"5.4","3","0","Euro"
"5.6","3.5","23","Porter"
"5.6","3.5","23","Other"
"4.7","3.75","40","Saison"
"4.7","3.75","40","Farmhouse"
"4.7","3.75","40","Ale"
"6.8","3.5","50","Scottish"
"6.8","3.5","50","Ale"
"4.7","4","45","IPA"
"4.7","4","45","Red"
"4.7","3.5","0","Cider"
"5.8","3.75","0","M?rzen"
"4.6","3.25","45","Hefeweizen"
"8","5","85","Stout"
"8","5","85","American"
"8","5","85","Imperial"
"8","5","85","Double"
"4.6","3.25","22","Lager"
"4.6","3.25","22","Dark"
"6.2","3.25","60","IPA"
"6.2","3.25","60","American"
"5.7","4.25","25","Saison"
"5.7","4.25","25","Farmhouse"
"5.7","4.25","25","Ale"
"4.5","2.5","20","Sour"
"4.5","2.5","20","Gose"
"5.25","3","40","California"
"5.25","3","40","Common"
"4.5","3.75","0","Stout"
"4.5","3.75","0","Other"
"5","4.25","18","Porter"
"5","4.25","18","Other"
"7","3.5","0","IPA"
"7","3.5","0","English"
"5.5","4","0","Hefeweizen"
"5","3.5","12","Witbier"
"4.7","4","0","Other"
"4.5","3.75","0","Pilsner"
"4.5","3.75","0","German"
"4.7","2.75","0","Cider"
"10.9","4.75","85","Barleywine"
"10.9","4.75","85","American"
"8","4.75","50","Stout"
"8","4.75","50","Imperial"
"8","4.75","50","Double"
"4.6","3.75","35","California"
"4.6","3.75","35","Common"
"3.4","4","32","IPA"
"3.4","4","32","Session"
"3.4","4","32","India"
"3.4","4","32","Session"
"3.4","4","32","Ale"
"5.4","2.5","10","Witbier"
"7","4.25","32","Stout"
"7","4.25","32","Other"
"5.7","4.25","50","Pale"
"5.7","4.25","50","Ale"
"5.7","4.25","50","American"
"16.1","4.75","90","Stout"
"16.1","4.75","90","Imperial"
"16.1","4.75","90","Double"
"7.5","3.75","0","Saison"
"7.5","3.75","0","Farmhouse"
"7.5","3.75","0","Ale"
"15","4.5","100","Stout"
"15","4.5","100","American"
"15","4.5","100","Imperial"
"15","4.5","100","Double"
"4.6","3.5","0","IPA"
"4.6","3.5","0","Session"
"4.6","3.5","0","India"
"4.6","3.5","0","Session"
"4.6","3.5","0","Ale"
"4.7","3.25","0","Lager"
"4.7","3.25","0","Pale"
"4.6","4","52","IPA"
"4.6","4","52","White"
"4.2","1.5","0","English"
"4.2","1.5","0","Bitter"
"5.9","4","0","Saison"
"5.9","4","0","Farmhouse"
"5.9","4","0","Ale"
"4.6","2.75","45","IPA"
"4.6","2.75","45","American"
"5.3","3.75","7","Pale"
"5.3","3.75","7","Wheat"
"5.3","3.75","7","Ale"
"5.3","3.75","7","American"
"5","3.75","12","Hefeweizen"
"4.8","3.75","30","Pale"
"4.8","3.75","30","Ale"
"4.8","3.75","30","American"
"5.2","4","0","Blonde"
"5.2","4","0","Ale"
"4.5","4","0","Cider"
"7.5","4.25","58","IPA"
"7.5","4.25","58","English"
"6","3","0","Lager"
"6","3","0","IPL"
"6","3","0","(India"
"6","3","0","Pale"
"6","3","0","Lager)"
"4.5","2","0","Red"
"4.5","2","0","Ale"
"4.5","2","0","Irish"
"6.5","2.5","50","IPA"
"6.5","2.5","50","American"
"5.2","3.5","0","Lager"
"5.2","3.5","0","Euro"
"5.8","2.75","0","Lager"
"5.8","2.75","0","Helles"
"5.2","2.5","0","Lager"
"5.2","2.5","0","Euro"
"6","3.5","0","Blonde"
"6","3.5","0","Ale"
"6","3.5","0","Belgian"
"6","3.5","0","Blonde"
"6","3.5","0","Golden"
"7.4","3.5","26","Scotch"
"7.4","3.5","26","Ale"
"7.4","3.5","26","Wee"
"7.4","3.5","26","Heavy"
"9","4.5","57","Brown"
"9","4.5","57","Ale"
"9","4.5","57","Imperial"
"9","4.5","57","Double"
"4.7","3","0","Cider"
"6.5","3.75","70","Rye"
"6.5","3.75","70","IPA"
"6.2","4.5","45","Saison"
"6.2","4.5","45","Farmhouse"
"6.2","4.5","45","Ale"
"6","4","60","IPA"
"6","4","60","White"
"9.5","4.25","0","Barleywine"
"9.5","4.25","0","American"
"6.6","4.25","0","Saison"
"6.6","4.25","0","Farmhouse"
"6.6","4.25","0","Ale"
"4.7","2.75","0","Pilsner"
"4.7","2.75","0","Czech"
"5.5","2.25","0","Red"
"5.5","2.25","0","Ale"
"5.5","2.25","0","American"
"5.5","2.25","0","Amber"
"5.5","2.25","0","Red"
"5.2","3.25","0","Pale"
"5.2","3.25","0","Ale"
"5.2","3.25","0","English"
"6.2","4","48","Saison"
"6.2","4","48","Farmhouse"
"6.2","4","48","Ale"
"5.9","4.5","75","IPA"
"5.9","4.5","75","American"
"8.8","4.5","0","Stout"
"8.8","4.5","0","Russian"
"8.8","4.5","0","Imperial"
"6.2","3","64","IPA"
"6.2","3","64","American"
"4.5","3.5","52","Pale"
"4.5","3.5","52","Ale"
"4.5","3.5","52","American"
"3.5","4","0","IPA"
"3.5","4","0","English"
"4.5","3.5","50","Pale"
"4.5","3.5","50","Ale"
"4.5","3.5","50","American"
"4.3","4","35","Pale"
"4.3","4","35","Ale"
"4.3","4","35","American"
"3.8","4.5","0","IPA"
"3.8","4.5","0","English"
"6.2","4.25","0","IPA"
"6.2","4.25","0","White"
"5.7","3.75","75","Pale"
"5.7","3.75","75","Ale"
"5.7","3.75","75","American"
"6.66","3.75","30","Sour"
"6.66","3.75","30","Flanders"
"6.66","3.75","30","Red"
"6.66","3.75","30","Ale"
"5.2","1.75","0","Pale"
"5.2","1.75","0","Ale"
"5.2","1.75","0","American"
"6.3","4","65","IPA"
"6.3","4","65","Black"
"6.3","4","65","Cascadian"
"6.3","4","65","Dark"
"6.3","4","65","Ale"
"5.3","4.25","25","Saison"
"5.3","4.25","25","Farmhouse"
"5.3","4.25","25","Ale"
"6","4.75","40","Porter"
"6","4.75","40","Other"
"5.6","3.5","0","Pale"
"5.6","3.5","0","Ale"
"5.6","3.5","0","English"
"5.4","4.25","0","Pale"
"5.4","4.25","0","Ale"
"5.4","4.25","0","New"
"5.4","4.25","0","Zealand"
"4.5","4","0","Red"
"4.5","4","0","Ale"
"4.5","4","0","American"
"4.5","4","0","Amber"
"4.5","4","0","Red"
"7.3","3.25","0","Weizenbock"
"9","3.75","94","IPA"
"9","3.75","94","Imperial"
"9","3.75","94","Double"
"9","5","65","Stout"
"9","5","65","Imperial"
"9","5","65","Double"
"4.5","2.25","38","Stout"
"4.5","2.25","38","Oatmeal"
"8.9","3.75","85","IPA"
"8.9","3.75","85","Imperial"
"8.9","3.75","85","Double"
"4.5","3.75","45","IPA"
"4.5","3.75","45","Session"
"4.5","3.75","45","India"
"4.5","3.75","45","Session"
"4.5","3.75","45","Ale"
"4.6","3.25","45","Lager"
"4.6","3.25","45","Pale"
"4.6","2.5","30","Lager"
"4.6","2.5","30","American"
"4.6","2.5","30","Light"
"4.6","3","13","Witbier"
"4.6","1.5","27","IPA"
"4.6","1.5","27","English"
"5.2","3.75","0","Lager"
"5.2","3.75","0","Euro"
"4.4","3.75","0","English"
"4.4","3.75","0","Bitter"
"7.3","3.5","0","Weizenbock"
"4.6","3.5","13","Witbier"
"6.7","3.75","45","Rye"
"6.7","3.75","45","IPA"
"6.2","3.75","58","IPA"
"6.2","3.75","58","White"
"6","4","45","IPA"
"6","4","45","American"
"7.3","4","87","IPA"
"7.3","4","87","American"
"4.7","3.5","30","Stout"
"4.7","3.5","30","Milk"
"4.7","3.5","30","Sweet"
"4.5","3.5","40","IPA"
"4.5","3.5","40","Session"
"4.5","3.5","40","India"
"4.5","3.5","40","Session"
"4.5","3.5","40","Ale"
"10.1","5","59","Stout"
"10.1","5","59","Imperial"
"10.1","5","59","Double"
"5.7","4","57","IPA"
"5.7","4","57","American"
"5.2","4","40","Schwarzbier"
"8","3.5","80","IPA"
"8","3.5","80","Imperial"
"8","3.5","80","Double"
"7.5","4","0","IPA"
"7.5","4","0","American"
"15","4.5","70","Stout"
"15","4.5","70","American"
"15","4.5","70","Imperial"
"15","4.5","70","Double"
"15","4.75","100","Stout"
"15","4.75","100","American"
"15","4.75","100","Imperial"
"15","4.75","100","Double"
"6.2","3.75","70","Brown"
"6.2","3.75","70","Ale"
"6.2","3.75","70","Other"
"4.4","3.5","20","Lager"
"4.4","3.5","20","IPL"
"4.4","3.5","20","(India"
"4.4","3.5","20","Pale"
"4.4","3.5","20","Lager)"
"6.8","4","0","Porter"
"6.8","4","0","Other"
"6.3","3","50","American"
"6.3","3","50","Wild"
"6.3","3","50","Ale"
"4.5","2.75","35","Pale"
"4.5","2.75","35","Ale"
"4.5","2.75","35","American"
"4.7","3.75","58","Pale"
"4.7","3.75","58","Ale"
"4.7","3.75","58","American"
"8.5","3.75","95","Rye"
"8.5","3.75","95","Beer"
"5.6","3.5","0","Blonde"
"5.6","3.5","0","Ale"
"7","3","87","IPA"
"7","3","87","American"
"5.9","3.75","0","IPA"
"5.9","3.75","0","American"
"5.2","4.75","0","Smoked"
"5.2","4.75","0","Beer"
"7.5","4.75","0","Weizenbock"
"6.1","3.5","25","Winter"
"6.1","3.5","25","Ale"
"8.5","4.25","18","Belgian"
"8.5","4.25","18","Strong"
"8.5","4.25","18","Golden"
"8.5","4.25","18","Ale"
"7.7","3.5","31","Porter"
"7.7","3.5","31","Other"
"6","3.75","0","Stout"
"6","3.75","0","Oatmeal"
"4.5","1","0","Spiced"
"4.5","1","0","Herbed"
"4.5","1","0","Beer"
"5.6","3.75","0","Pale"
"5.6","3.75","0","Ale"
"5.6","3.75","0","English"
"6.6","4","0","IPA"
"6.6","4","0","American"
"8.9","3.75","100","IPA"
"8.9","3.75","100","Imperial"
"8.9","3.75","100","Double"
"8.9","3.75","100","Black"
"5.5","4","0","IPA"
"5.5","4","0","Black"
"5.5","4","0","Cascadian"
"5.5","4","0","Dark"
"5.5","4","0","Ale"
"5.6","4.25","55","Rye"
"5.6","4.25","55","Beer"
"4.1","3.75","45","Pale"
"4.1","3.75","45","Ale"
"4.1","3.75","45","English"
"4.7","4","50","IPA"
"4.7","4","50","Session"
"4.7","4","50","India"
"4.7","4","50","Session"
"4.7","4","50","Ale"
"5.9","3.5","62","IPA"
"5.9","3.5","62","Red"
"6","4","0","IPA"
"6","4","0","American"
"7","2.5","0","Porter"
"7","2.5","0","Other"
"5.4","2.25","40","IPA"
"5.4","2.25","40","Black"
"5.4","2.25","40","Cascadian"
"5.4","2.25","40","Dark"
"5.4","2.25","40","Ale"
"10","4","99","Stout"
"10","4","99","Russian"
"10","4","99","Imperial"
"3.4","3.5","37","Saison"
"3.4","3.5","37","Farmhouse"
"3.4","3.5","37","Ale"
"6.7","4","49","Porter"
"6.7","4","49","American"
"10","3.5","0","Saison"
"10","3.5","0","Farmhouse"
"10","3.5","0","Ale"
"2.5","3","30","IPA"
"2.5","3","30","Session"
"2.5","3","30","India"
"2.5","3","30","Session"
"2.5","3","30","Ale"
"4.7","2","33","Pilsner"
"4.7","2","33","Czech"
"4.7","3.5","65","IPA"
"4.7","3.5","65","International"
"6.6","4.5","36","Hefeweizen"
"6.9","3.5","0","Scotch"
"6.9","3.5","0","Ale"
"6.9","3.5","0","Wee"
"6.9","3.5","0","Heavy"
"5.7","3","0","Festbier"
"8.7","4","60","Stout"
"8.7","4","60","Russian"
"8.7","4","60","Imperial"
"6.2","3.25","0","IPA"
"6.2","3.25","0","English"
"9","3.25","30","Porter"
"9","3.25","30","Imperial"
"9","3.25","30","Double"
"4.7","3","25","IPA"
"4.7","3","25","Session"
"4.7","3","25","India"
"4.7","3","25","Session"
"4.7","3","25","Ale"
"6.8","4","35","Porter"
"6.8","4","35","Other"
"7","4.25","29","Porter"
"7","4.25","29","American"
"5.3","1.75","0","Hefeweizen"
"5.4","3.5","13","Hefeweizen"
"7.2","3.5","34","Saison"
"7.2","3.5","34","Farmhouse"
"7.2","3.5","34","Ale"
"8","3.25","8","Fruit"
"8","3.25","8","Beer"
"5","2.25","0","Pale"
"5","2.25","0","Ale"
"5","2.25","0","American"
"5.7","5","35","Red"
"5.7","5","35","Ale"
"5.7","5","35","American"
"5.7","5","35","Amber"
"5.7","5","35","Red"
"4.5","2.5","0","Lager"
"4.5","2.5","0","Euro"
"4.5","2.5","0","Dark"
"4.5","3","0","Lager"
"4.5","3","0","Euro"
"4.5","3","0","Dark"
"8.5","3.75","0","Belgian"
"8.5","3.75","0","Strong"
"8.5","3.75","0","Golden"
"8.5","3.75","0","Ale"
"5.5","3.25","0","Lager"
"5.5","3.25","0","Pale"
"4.5","3","0","Lager"
"4.5","3","0","North"
"4.5","3","0","American"
"4.5","3","0","Adjunct"
"4.9","3","12","Lager"
"4.9","3","12","North"
"4.9","3","12","American"
"4.9","3","12","Adjunct"
"5","2.75","0","Lager"
"5","2.75","0","Euro"
"4.7","3.5","0","Pilsner"
"4.7","3.5","0","Other"
"5.4","3.25","0","Lager"
"5.4","3.25","0","Dortmunder"
"5.4","3.25","0","Export"
"4.7","2.75","26","Pilsner"
"4.7","2.75","26","German"
"4.8","3.5","20","Pilsner"
"4.8","3.5","20","Other"
"5.4","3.75","18","Lager"
"5.4","3.75","18","Pale"
"8","3.75","20","Belgian"
"8","3.75","20","Strong"
"8","3.75","20","Golden"
"8","3.75","20","Ale"
"7.4","4","85","IPA"
"7.4","4","85","American"
"4.4","3.75","0","IPA"
"4.4","3.75","0","Session"
"4.4","3.75","0","India"
"4.4","3.75","0","Session"
"4.4","3.75","0","Ale"
"4.7","3","18","Lager"
"4.7","3","18","Japanese"
"4.7","3","18","Rice"
"4.5","3.25","21","Lager"
"4.5","3.25","21","Euro"
"6","3.25","0","Winter"
"6","3.25","0","Ale"
"16.5","5","90","Stout"
"16.5","5","90","American"
"16.5","5","90","Imperial"
"16.5","5","90","Double"
"7.5","4","65","IPA"
"7.5","4","65","American"
"5.2","2","0","Stout"
"5.2","2","0","Other"
"4.5","3","0","California"
"4.5","3","0","Common"
"4.5","3.5","60","IPA"
"4.5","3.5","60","Session"
"4.5","3.5","60","India"
"4.5","3.5","60","Session"
"4.5","3.5","60","Ale"
"4.6","2.5","27","IPA"
"4.6","2.5","27","English"
"5.6","4","0","Lager"
"5.6","4","0","Euro"
"5.6","4","0","Dark"
"5.2","3.5","45","Altbier"
"5","2.75","0","Pilsner"
"5","2.75","0","Other"
"13","4","85","IPA"
"13","4","85","Triple"
"17","2.5","0","Pale"
"17","2.5","0","Ale"
"17","2.5","0","American"
"5.8","3.75","0","M?rzen"
"0","3.75","80","IPA"
"0","3.75","80","American"
"2.8","3.25","0","Sour"
"2.8","3.25","0","Berliner"
"2.8","3.25","0","Weisse"
"4.6","2.5","0","Pilsner"
"4.6","2.5","0","Other"
"4.6","3.5","38","Pilsner"
"4.6","3.5","38","Other"
"5.5","2.75","50","Red"
"5.5","2.75","50","Ale"
"5.5","2.75","50","American"
"5.5","2.75","50","Amber"
"5.5","2.75","50","Red"
"6.2","4","45","IPA"
"6.2","4","45","American"
"8.5","4.25","26","Belgian"
"8.5","4.25","26","Strong"
"8.5","4.25","26","Golden"
"8.5","4.25","26","Ale"
"8.5","3.75","105","IPA"
"8.5","3.75","105","Imperial"
"8.5","3.75","105","Double"
"9","3.5","35","Belgian"
"9","3.5","35","Tripel"
"5.5","4.25","40","IPA"
"5.5","4.25","40","American"
"11.3","5","27","Belgian"
"11.3","5","27","Quad"
"5.9","4.25","30","Stout"
"5.9","4.25","30","Other"
"7.2","3.5","66","Pilsner"
"7.2","3.5","66","Other"
"4.7","4","35","Pale"
"4.7","4","35","Ale"
"4.7","4","35","American"
"7","4.25","55","IPA"
"7","4.25","55","Belgian"
"6.5","2.5","0","IPA"
"6.5","2.5","0","American"
"5.2","4.25","40","Pale"
"5.2","4.25","40","Ale"
"5.2","4.25","40","American"
"8","4","0","Sour"
"8","4","0","Flanders"
"8","4","0","Oud"
"8","4","0","Bruin"
"5.5","2.75","17","Sour"
"5.5","2.75","17","Flanders"
"5.5","2.75","17","Oud"
"5.5","2.75","17","Bruin"
"6.5","4","30","Saison"
"6.5","4","30","Farmhouse"
"6.5","4","30","Ale"
"9.5","4","48","Belgian"
"9.5","4","48","Strong"
"9.5","4","48","Golden"
"9.5","4","48","Ale"
"6.5","3.75","0","Belgian"
"6.5","3.75","0","Dubbel"
"8.5","3.75","0","Belgian"
"8.5","3.75","0","Strong"
"8.5","3.75","0","Golden"
"8.5","3.75","0","Ale"
"11","4.25","35","Belgian"
"11","4.25","35","Quad"
"10","4.5","22","Belgian"
"10","4.5","22","Quad"
"8.4","4.25","0","Belgian"
"8.4","4.25","0","Strong"
"8.4","4.25","0","Golden"
"8.4","4.25","0","Ale"
"4.5","3.5","0","Red"
"4.5","3.5","0","Ale"
"4.5","3.5","0","American"
"4.5","3.5","0","Amber"
"4.5","3.5","0","Red"
"4","1.75","0","Spiced"
"4","1.75","0","Herbed"
"4","1.75","0","Beer"
"12.3","4.25","0","Porter"
"12.3","4.25","0","Imperial"
"12.3","4.25","0","Double"
"4.4","4.75","31","Stout"
"4.4","4.75","31","Milk"
"4.4","4.75","31","Sweet"
"4.7","4.25","27","Lager"
"4.7","4.25","27","Dark"
"10","4","100","Black"
"10","4","100","&"
"10","4","100","Tan"
"10","4.5","85","Stout"
"10","4.5","85","Russian"
"10","4.5","85","Imperial"
"9.5","4","72","IPA"
"9.5","4","72","Imperial"
"9.5","4","72","Double"
"7","3.75","0","Strong"
"7","3.75","0","Ale"
"7","3.75","0","English"
"4.7","2.25","0","Pale"
"4.7","2.25","0","Ale"
"4.7","2.25","0","American"
"7.5","4.5","0","Dark"
"7.5","4.5","0","Ale"
"5.5","4.25","38","IPA"
"5.5","4.25","38","American"
"5.2","3.5","0","IPA"
"5.2","3.5","0","English"
"5","2.75","20","Lager"
"5","2.75","20","Euro"
"6","3.5","0","M?rzen"
"4.5","3.75","35","Ginger"
"4.5","3.75","35","Beer"
"7","1.75","97","IPA"
"7","1.75","97","American"
"5.2","3.5","0","Red"
"5.2","3.5","0","Ale"
"5.2","3.5","0","American"
"5.2","3.5","0","Amber"
"5.2","3.5","0","Red"
"4.5","3.75","40","IPA"
"4.5","3.75","40","Session"
"4.5","3.75","40","India"
"4.5","3.75","40","Session"
"4.5","3.75","40","Ale"
"4.5","3.5","20","Witbier"
"6","3.5","0","Red"
"6","3.5","0","Ale"
"6","3.5","0","American"
"6","3.5","0","Amber"
"6","3.5","0","Red"
"4.2","3.75","0","Pale"
"4.2","3.75","0","Ale"
"4.2","3.75","0","American"
"5.9","3.25","0","Rye"
"5.9","3.25","0","Beer"
"5","3.75","0","Brown"
"5","3.75","0","Ale"
"5","3.75","0","Belgian"
"4.1","3","0","English"
"4.1","3","0","Bitter"
"7","3.25","30","Sour"
"7","3.25","30","Flanders"
"7","3.25","30","Oud"
"7","3.25","30","Bruin"
"4.5","3.75","0","K?lsch"
"4.3","3","86","IPA"
"4.3","3","86","Session"
"4.3","3","86","India"
"4.3","3","86","Session"
"4.3","3","86","Ale"
"4.7","3.5","14","Hefeweizen"
"4.3","3.5","35","Pale"
"4.3","3.5","35","Ale"
"4.3","3.5","35","English"
"7","4.5","0","Porter"
"7","4.5","0","Other"
"5.6","3.5","40","Rye"
"5.6","3.5","40","Beer"
"5.3","2.75","15","Hefeweizen"
"14","4.75","25","Stout"
"14","4.75","25","Imperial"
"14","4.75","25","Double"
"10","4","30","Strong"
"10","4","30","Ale"
"10","4","30","American"
"5.3","2.75","0","Pilsner"
"5.3","2.75","0","German"
"5.2","3.75","45","Pale"
"5.2","3.75","45","Ale"
"5.2","3.75","45","American"
"5.5","3.5","82","Gluten-Free"
"4.7","3.5","0","Cider"
"4.7","1.75","0","Cider"
"7.5","4.25","0","Cider"
"9.5","3.5","90","IPA"
"9.5","3.5","90","Imperial"
"9.5","3.5","90","Double"
"7.5","4","82","IPA"
"7.5","4","82","Imperial"
"7.5","4","82","Double"
"7.5","4","82","Black"
"6.2","3.75","0","IPA"
"6.2","3.75","0","White"
"5.2","2.5","21","Lager"
"5.2","2.5","21","Euro"
"8.7","3.5","65","IPA"
"8.7","3.5","65","Imperial"
"8.7","3.5","65","Double"
"5.2","3.5","22","Pale"
"5.2","3.5","22","Ale"
"5.2","3.5","22","American"
"7","2.5","0","American"
"7","2.5","0","Wild"
"7","2.5","0","Ale"
"7.5","3","75","IPA"
"7.5","3","75","American"
"8.5","3.5","33","Belgian"
"8.5","3.5","33","Strong"
"8.5","3.5","33","Golden"
"8.5","3.5","33","Ale"
"4.7","3.25","55","Pale"
"4.7","3.25","55","Ale"
"4.7","3.25","55","American"
"5.6","3","0","Pale"
"5.6","3","0","Ale"
"5.6","3","0","American"
"4","3.25","0","IPA"
"4","3.25","0","American"
"5.3","3","0","Red"
"5.3","3","0","Ale"
"5.3","3","0","Irish"
"5.3","3.75","12","Dunkelweizen"
"5.4","3.5","0","IPA"
"5.4","3.5","0","Session"
"5.4","3.5","0","India"
"5.4","3.5","0","Session"
"5.4","3.5","0","Ale"
"5.9","4.5","20","Rye"
"5.9","4.5","20","Beer"
"5.5","3.5","13","Witbier"
"6.5","2.25","40","IPA"
"6.5","2.25","40","American"
"5.3","2.5","0","Lager"
"5.3","2.5","0","Dortmunder"
"5.3","2.5","0","Export"
"5.6","3","0","Brown"
"5.6","3","0","Ale"
"5.6","3","0","English"
"4.5","3.25","0","Golden"
"4.5","3.25","0","Ale"
"4.5","4","32","Pale"
"4.5","4","32","Wheat"
"4.5","4","32","Ale"
"4.5","4","32","American"
"5.1","3.5","21","Lager"
"5.1","3.5","21","Helles"
"5.5","3.75","0","Pale"
"5.5","3.75","0","Ale"
"5.5","3.75","0","American"
"7.2","3.5","90","IPA"
"7.2","3.5","90","American"
"6.5","4","50","IPA"
"6.5","4","50","English"
"4.7","3.25","55","Lager"
"4.7","3.25","55","American"
"4.7","3.25","55","Amber"
"4.7","3.25","55","Red"
"5","3.5","32","Pilsner"
"5","3.5","32","Other"
"4.2","3","0","Spiced"
"4.2","3","0","Herbed"
"4.2","3","0","Beer"
"6.2","4","65","Rye"
"6.2","4","65","IPA"
"6.2","3.5","0","Red"
"6.2","3.5","0","Ale"
"6.2","3.5","0","American"
"6.2","3.5","0","Amber"
"6.2","3.5","0","Red"
"4.7","3.25","60","Pale"
"4.7","3.25","60","Ale"
"4.7","3.25","60","American"
"4.5","3.5","29","Specialty"
"4.5","3.5","29","Grain"
"5.3","3.5","16","Kristallweizen"
"5.3","3.5","16",""
"4.4","3","0","Lager"
"4.4","3","0","Pale"
"4.6","2","10","Lager"
"4.6","2","10","North"
"4.6","2","10","American"
"4.6","2","10","Adjunct"
"5.5","3.5","0","Pale"
"5.5","3.5","0","Wheat"
"5.5","3.5","0","Ale"
"5.5","3.5","0","American"
"9.2","4","22","Belgian"
"9.2","4","22","Strong"
"9.2","4","22","Dark"
"9.2","4","22","Ale"
"7.2","3.75","75","IPA"
"7.2","3.75","75","American"
"11.8","5","70","Stout"
"11.8","5","70","American"
"11.8","5","70","Imperial"
"11.8","5","70","Double"
"7.2","4.25","75","IPA"
"7.2","4.25","75","American"
"5","2","15","Lager"
"5","2","15","Euro"
"4.5","3","16","Blonde"
"4.5","3","16","Ale"
"5.9","4","50","Scottish"
"5.9","4","50","Ale"
"5.2","3.75","38","Saison"
"5.2","3.75","38","Farmhouse"
"5.2","3.75","38","Ale"
"5","3.25","45","Porter"
"5","3.25","45","Other"
"5.3","3.75","0","Stout"
"5.3","3.75","0","Other"
"4.5","2.5","0","Lager"
"4.5","2.5","0","Euro"
"4.5","3.25","0","Blonde"
"4.5","3.25","0","Ale"
"5.8","4","30","Brown"
"5.8","4","30","Ale"
"5.8","4","30","English"
"7.2","3.25","75","IPA"
"7.2","3.25","75","American"
"4.5","3","55","Gluten-Free"
"4.4","4.5","60","IPA"
"4.4","4.5","60","American"
"4.5","4.25","50","IPA"
"4.5","4.25","50","Session"
"4.5","4.25","50","India"
"4.5","4.25","50","Session"
"4.5","4.25","50","Ale"
"6","2.25","0","Gr?tzer"
"6","2.25","0","Grodziskie"
"7.3","4","0","IPA"
"7.3","4","0","White"
"4.8","3.5","35","California"
"4.8","3.5","35","Common"
"4.7","3.25","0","Hefeweizen"
"7.3","4.25","70","IPA"
"7.3","4.25","70","American"
"7.5","4","67","Pilsner"
"7.5","4","67","Imperial"
"7.5","4","67","Double"
"7.2","3.75","55","IPA"
"7.2","3.75","55","International"
"5.7","3.5","0","Blonde"
"5.7","3.5","0","Ale"
"6.5","3.5","66","IPA"
"6.5","3.5","66","International"
"4.7","3.25","0","M?rzen"
"6.8","4.5","65","IPA"
"6.8","4.5","65","American"
"5.2","3","0","Kristallweizen"
"5.2","3","0",""
"3.5","2","0","English"
"3.5","2","0","Bitter"
"6","3.75","60","Gluten-Free"
"4.5","3.25","30","Australian"
"4.5","3.25","30","Sparkling"
"4.5","3.25","30","Ale"
"4.7","3","15","Witbier"
"7.3","3.75","0","Strong"
"7.3","3.75","0","Ale"
"7.3","3.75","0","English"
"5.5","3.5","0","Pale"
"5.5","3.5","0","Wheat"
"5.5","3.5","0","Ale"
"5.5","3.5","0","American"
"5.5","3.5","0","Pale"
"5.5","3.5","0","Ale"
"5.5","3.5","0","American"
"6.3","3.75","0","IPA"
"6.3","3.75","0","American"
"6.5","3.5","100","IPA"
"6.5","3.5","100","American"
"4","2","0","Golden"
"4","2","0","Ale"
"6.3","3","0","IPA"
"6.3","3","0","Black"
"6.3","3","0","Cascadian"
"6.3","3","0","Dark"
"6.3","3","0","Ale"
"4.5","3","0","Pilsner"
"4.5","3","0","Other"
"4.6","3.25","70","IPA"
"4.6","3.25","70","Session"
"4.6","3.25","70","India"
"4.6","3.25","70","Session"
"4.6","3.25","70","Ale"
"4.6","3.5","29","Red"
"4.6","3.5","29","Ale"
"4.6","3.5","29","Other"
"4.7","4.25","0","IPA"
"4.7","4.25","0","Session"
"4.7","4.25","0","India"
"4.7","4.25","0","Session"
"4.7","4.25","0","Ale"
"4.6","4","0","Lager"
"4.6","4","0","Pale"
"5.2","3","0","Gluten-Free"
"4.5","4","0","Smoked"
"4.5","4","0","Beer"
"4.3","2","0","Lager"
"4.3","2","0","North"
"4.3","2","0","American"
"4.3","2","0","Adjunct"
"4.5","2","0","Spiced"
"4.5","2","0","Herbed"
"4.5","2","0","Beer"
"4.5","2.5","21","Lager"
"4.5","2.5","21","Pale"
"11","4.25","65","Stout"
"11","4.25","65","Imperial"
"11","4.25","65","Double"
"5.2","3.5","0","Pilsner"
"5.2","3.5","0","Other"
"5","4.25","55","IPA"
"5","4.25","55","American"
"4.45","1.25","10","Lager"
"4.45","1.25","10","North"
"4.45","1.25","10","American"
"4.45","1.25","10","Adjunct"
"4.5","2.25","24","Gluten-Free"
"5","4.5","32","Porter"
"5","4.5","32","English"
"4.9","3.5","0","Lager"
"4.9","3.5","0","Pale"
"6.5","4.5","35","IPA"
"6.5","4.5","35","Belgian"
"10.5","4.5","75","Stout"
"10.5","4.5","75","Russian"
"10.5","4.5","75","Imperial"
"5.5","3","32","Pale"
"5.5","3","32","Ale"
"5.5","3","32","Belgian"
"5.4","2.5","22","Pale"
"5.4","2.5","22","Ale"
"5.4","2.5","22","American"
"9.3","3.5","70","Stout"
"9.3","3.5","70","Russian"
"9.3","3.5","70","Imperial"
"5","3","0","Mead"
"5","3","0","Other"
"7","4","100","IPA"
"7","4","100","American"
"6","3.5","30","Saison"
"6","3.5","30","Farmhouse"
"6","3.5","30","Ale"
"5.1","3","0","Lager"
"5.1","3","0","Euro"
"5","3","18","English"
"5","3","18","Bitter"
"6","3.25","0","Pale"
"6","3.25","0","Ale"
"6","3.25","0","American"
"4.6","4.5","0","Gluten-Free"
"4.3","3","25","Lager"
"4.3","3","25","Vienna"
"4.2","3.5","0","Pale"
"4.2","3.5","0","Ale"
"4.2","3.5","0","English"
"6.8","3","23","Porter"
"6.8","3","23","Baltic"
"4.7","4","15","Hefeweizen"
"4.7","3.5","0","Stout"
"4.7","3.5","0","Other"
"4.5","2","20","Blonde"
"4.5","2","20","Ale"
"4.5","3.5","61","IPA"
"4.5","3.5","61","English"
"4.7","3.5","15","Witbier"
"5.6","5","0","IPA"
"5.6","5","0","White"
"8","3","0","Lager"
"8","3","0","Euro"
"8","3","0","Strong"
"5.7","3","35","IPA"
"5.7","3","35","English"
"4.7","4","40","Pilsner"
"4.7","4","40","Other"
"4.6","3.5","17","Lager"
"4.6","3.5","17","Euro"
"4.2","3.5","20","Lager"
"4.2","3.5","20","Vienna"
"5.2","4","55","Porter"
"5.2","4","55","Baltic"
"5.5","3","35","IPA"
"5.5","3","35","English"
"7.5","4.5","25","Porter"
"7.5","4.5","25","Other"
"8.7","3","100","IPA"
"8.7","3","100","English"
"5.1","3.5","25","Red"
"5.1","3.5","25","Ale"
"5.1","3.5","25","American"
"5.1","3.5","25","Amber"
"5.1","3.5","25","Red"
"6.9","3.5","5","Winter"
"6.9","3.5","5","Warmer"
"4.7","3","28","Schwarzbier"
"9","3","90","IPA"
"9","3","90","Imperial"
"9","3","90","Double"
"4.4","3","20","Golden"
"4.4","3","20","Ale"
"7.4","2.5","0","Stout"
"7.4","2.5","0","Russian"
"7.4","2.5","0","Imperial"
"8.3","3","83","IPA"
"8.3","3","83","Imperial"
"8.3","3","83","Double"
"5.3","4","40","Rye"
"5.3","4","40","Beer"
"10.7","4","60","Stout"
"10.7","4","60","Russian"
"10.7","4","60","Imperial"
"9.5","3.5","25","Belgian"
"9.5","3.5","25","Tripel"
"6","3","0","Red"
"6","3","0","Ale"
"6","3","0","American"
"6","3","0","Amber"
"6","3","0","Red"
"5.8","4.5","35","Pale"
"5.8","4.5","35","Ale"
"5.8","4.5","35","American"
"5","2","50","Stout"
"5","2","50","Other"
"6.8","3.5","73","IPA"
"6.8","3.5","73","American"
"6.9","4.25","72","Rye"
"6.9","4.25","72","Beer"
"4.5","3","36","Stout"
"4.5","3","36","Irish"
"4.5","3","36","Dry"
"4.7","3","0","Pumpkin"
"4.7","3","0","Yam"
"4.7","3","0","Beer"
"6","3.5","45","Saison"
"6","3.5","45","Farmhouse"
"6","3.5","45","Ale"
"9.5","4","30","Porter"
"9.5","4","30","Imperial"
"9.5","4","30","Double"
"6.8","3","20","Belgian"
"6.8","3","20","Dubbel"
"4.7","2.5","0","Pilsner"
"4.7","2.5","0","Czech"
"4.2","3.5","0","Pale"
"4.2","3.5","0","Ale"
"4.2","3.5","0","American"
"7.3","4","0","Strong"
"7.3","4","0","Ale"
"7.3","4","0","English"
"6","4.5","0","Rye"
"6","4.5","0","Beer"
"4.8","3.5","0","Sahti"
"0","3","0","Stout"
"0","3","0","American"
"5.3","3","30","Lager"
"5.3","3","30","Pale"
"4.2","3.5","0","Winter"
"4.2","3.5","0","Ale"
"6","4","0","Porter"
"6","4","0","Other"
"5.9","3.5","64","IPA"
"5.9","3.5","64","Black"
"5.9","3.5","64","Cascadian"
"5.9","3.5","64","Dark"
"5.9","3.5","64","Ale"
"4.7","3.5","20","Pale"
"4.7","3.5","20","Ale"
"4.7","3.5","20","American"
"4.3","3.5","0","Smoked"
"4.3","3.5","0","Beer"
"4.5","3","35","Pilsner"
"4.5","3","35","German"
"9","3.5","88","Stout"
"9","3.5","88","Imperial"
"9","3.5","88","Double"
"4.5","2.5","0","Porter"
"4.5","2.5","0","English"
"9","3.5","100","IPA"
"9","3.5","100","Black"
"9","3.5","100","Cascadian"
"9","3.5","100","Dark"
"9","3.5","100","Ale"
"10.5","3","0","IPA"
"10.5","3","0","Imperial"
"10.5","3","0","Double"
"6.3","4","43","Smoked"
"6.3","4","43","Beer"
"5.4","2","28","Saison"
"5.4","2","28","Farmhouse"
"5.4","2","28","Ale"
"10","3.5","25","Belgian"
"10","3.5","25","Strong"
"10","3.5","25","Golden"
"10","3.5","25","Ale"
"6.2","3","0","Brown"
"6.2","3","0","Ale"
"6.2","3","0","English"
"8.1","3","66","IPA"
"8.1","3","66","Imperial"
"8.1","3","66","Double"
"7.2","4","85","IPA"
"7.2","4","85","American"
"9","3","35","Belgian"
"9","3","35","Quad"
"0.5","0.5","0","Non-Alcoholic"
"6.7","3.5","0","Brown"
"6.7","3.5","0","Ale"
"6.7","3.5","0","Belgian"
"5.1","3","32","Pilsner"
"5.1","3","32","German"
"7.2","3.5","45","Porter"
"7.2","3.5","45","Baltic"
"7.1","3.5","0","Doppelbock"
"7.1","3.5","0",""
"5.2","3","22","Lager"
"5.2","3","22","Dortmunder"
"5.2","3","22","Export"
"5.8","3.5","17","Festbier"
"4.7","2.5","23","Lager"
"4.7","2.5","23","Winter"
"6.2","3.5","0","Stout"
"6.2","3.5","0","Oatmeal"
"4.7","2.5","50","IPA"
"4.7","2.5","50","Session"
"4.7","2.5","50","India"
"4.7","2.5","50","Session"
"4.7","2.5","50","Ale"
"4.2","2.5","0","Golden"
"4.2","2.5","0","Ale"
"4.7","2.5","40","Red"
"4.7","2.5","40","Ale"
"4.7","2.5","40","American"
"4.7","2.5","40","Amber"
"4.7","2.5","40","Red"
"12","3.5","0","Strong"
"12","3.5","0","Ale"
"12","3.5","0","English"
"10.5","3.5","11","Belgian"
"10.5","3.5","11","Strong"
"10.5","3.5","11","Dark"
"10.5","3.5","11","Ale"
"4.5","2.5","35","Pilsner"
"4.5","2.5","35","Other"
"5.4","3.5","0","Porter"
"5.4","3.5","0","English"
"6.5","3.5","0","Bock"
"6","3","50","IPA"
"6","3","50","American"
"8","4.5","30","Stout"
"8","4.5","30","Other"
"11.2","1.5","0","Barleywine"
"11.2","1.5","0","English"
"9","3.5","101","IPA"
"9","3.5","101","Imperial"
"9","3.5","101","Double"
"8.5","3.5","90","IPA"
"8.5","3.5","90","Imperial"
"8.5","3.5","90","Double"
"10.9","3.5","0","Belgian"
"10.9","3.5","0","Strong"
"10.9","3.5","0","Dark"
"10.9","3.5","0","Ale"
"6.3","0.5","30","Saison"
"6.3","0.5","30","Farmhouse"
"6.3","0.5","30","Ale"
"10.5","3.5","0","Barleywine"
"10.5","3.5","0","English"
"7.1","2.5","0","Bock"
"5.6","3.5","0","Scottish"
"5.6","3.5","0","Ale"
"7.2","3","50","Winter"
"7.2","3","50","Ale"
"4.6","3","0","Pilsner"
"4.6","3","0","Czech"
"4.5","3","0","Lager"
"4.5","3","0","Winter"
"4.7","2","0","Lager"
"4.7","2","0","Euro"
"4.5","2","0","Stout"
"4.5","2","0","Milk"
"4.5","2","0","Sweet"
"10.5","4.5","40","Porter"
"10.5","4.5","40","Imperial"
"10.5","4.5","40","Double"
"8","2.5","0","Sahti"
"8.5","4","50","Scotch"
"8.5","4","50","Ale"
"8.5","4","50","Wee"
"8.5","4","50","Heavy"
"6.2","1","20","Saison"
"6.2","1","20","Farmhouse"
"6.2","1","20","Ale"
"4.5","3.5","46","Red"
"4.5","3.5","46","Ale"
"4.5","3.5","46","American"
"4.5","3.5","46","Amber"
"4.5","3.5","46","Red"
"9","3.5","100","Stout"
"9","3.5","100","American"
"9","3.5","100","Imperial"
"9","3.5","100","Double"
"4.5","3.25","28","Lager"
"4.5","3.25","28","Pale"
"4.5","3","0","Pale"
"4.5","3","0","Ale"
"4.5","3","0","English"
"6.4","2.5","0","Strong"
"6.4","2.5","0","Ale"
"6.4","2.5","0","English"
"8.2","3.5","23","Scotch"
"8.2","3.5","23","Ale"
"8.2","3.5","23","Wee"
"8.2","3.5","23","Heavy"
"4.8","3","0","Lager"
"4.8","3","0","Helles"
"4.5","2","0","Lager"
"4.5","2","0","Pale"
"6.5","2.5","55","IPA"
"6.5","2.5","55","English"
"4.9","3.5","0","Stout"
"4.9","3.5","0","Other"
"6.2","3.5","65","Spiced"
"6.2","3.5","65","Herbed"
"6.2","3.5","65","Beer"
"4.6","3","22","Red"
"4.6","3","22","Ale"
"4.6","3","22","Irish"
"6.2","3.5","77","IPA"
"6.2","3.5","77","American"
"8","1.5","70","IPA"
"8","1.5","70","Belgian"
"5","4.5","40","Saison"
"5","4.5","40","Farmhouse"
"5","4.5","40","Ale"
"7.5","3","0","Fruit"
"7.5","3","0","Beer"
"4.6","2","0","Malt"
"4.6","2","0","Liquor"
"4.6","2","0",""
"4.5","4","50","IPA"
"4.5","4","50","Session"
"4.5","4","50","India"
"4.5","4","50","Session"
"4.5","4","50","Ale"
"10","5","60","Porter"
"10","5","60","Imperial"
"10","5","60","Double"
"6.75","3","35","Red"
"6.75","3","35","Ale"
"6.75","3","35","American"
"6.75","3","35","Amber"
"6.75","3","35","Red"
"7.5","2","80","IPA"
"7.5","2","80","Imperial"
"7.5","2","80","Double"
"4.5","3","30","Rye"
"4.5","3","30","Beer"
"4.5","4.5","47","Golden"
"4.5","4.5","47","Ale"
"4.7","4","0","Other"
"6.5","3","0","Smoked"
"6.5","3","0","Beer"
"6.9","3.5","71","IPA"
"6.9","3.5","71","American"
"10.2","4.5","38","Belgian"
"10.2","4.5","38","Quad"
"8.5","3.5","25","Belgian"
"8.5","3.5","25","Strong"
"8.5","3.5","25","Dark"
"8.5","3.5","25","Ale"
"4.7","3.5","0","Lager"
"4.7","3.5","0","Pale"
"5.3","3.5","0","M?rzen"
"6.6","4","0","IPA"
"6.6","4","0","American"
"5.5","2.5","0","Smoked"
"5.5","2.5","0","Beer"
"6.2","3.5","77","IPA"
"6.2","3.5","77","American"
"8.1","3.5","0","Belgian"
"8.1","3.5","0","Strong"
"8.1","3.5","0","Dark"
"8.1","3.5","0","Ale"
"4.2","2","0","Red"
"4.2","2","0","Ale"
"4.2","2","0","American"
"4.2","2","0","Amber"
"4.2","2","0","Red"
"9.2","3","150","IPA"
"9.2","3","150","Imperial"
"9.2","3","150","Double"
"4.3","1","0","Specialty"
"4.3","1","0","Grain"
"4.7","0.5","0","Lager"
"4.7","0.5","0","Pale"
"7.5","2","0","Stout"
"7.5","2","0","Other"
"4.5","3.5","4","Lager"
"4.5","3.5","4","Pale"
"4.3","3.5","0","Pale"
"4.3","3.5","0","Ale"
"4.3","3.5","0","English"
"4.8","3.5","0","Lager"
"4.8","3.5","0","Pale"
"10.5","4","40","Porter"
"10.5","4","40","Imperial"
"10.5","4","40","Double"
"5.5","4","43","IPA"
"5.5","4","43","American"
"4.6","2","11","Pilsner"
"4.6","2","11","Other"
"4.1","3","0","Pale"
"4.1","3","0","Ale"
"4.1","3","0","English"
"5.8","2.5","25","M?rzen"
"4.5","3","10","Spiced"
"4.5","3","10","Herbed"
"4.5","3","10","Beer"
"4.7","1.5","18","California"
"4.7","1.5","18","Common"
"4.6","3.5","0","Red"
"4.6","3.5","0","Ale"
"4.6","3.5","0","Irish"
"6.2","3.5","65","Pale"
"6.2","3.5","65","Ale"
"6.2","3.5","65","American"
"8.3","4","65","IPA"
"8.3","4","65","Imperial"
"8.3","4","65","Double"
"5.2","3","17","Lager"
"5.2","3","17","Pale"
"4.8","2","22","Lager"
"4.8","2","22","Pale"
"6","1.5","0","Pumpkin"
"6","1.5","0","Yam"
"6","1.5","0","Beer"
"4.5","3.5","15","Lager"
"4.5","3.5","15","Dark"
"4.5","4","30","Pale"
"4.5","4","30","Ale"
"4.5","4","30","American"
"4","2.5","0","English"
"4","2.5","0","Bitter"
"3.5","2","0","Lager"
"3.5","2","0","Pale"
"6.5","5","25","Blonde"
"6.5","5","25","Ale"
"5.5","4","0","Stout"
"5.5","4","0","Oatmeal"
"4.5","3.5","25","Brown"
"4.5","3.5","25","Ale"
"4.5","3.5","25","English"
"5.9","3.5","0","Pilsner"
"5.9","3.5","0","Other"
"5.6","4","60","IPA"
"5.6","4","60","American"
"6.1","3.25","0","IPA"
"6.1","3.25","0","English"
"7","2.5","0","IPA"
"7","2.5","0","Imperial"
"7","2.5","0","Double"
"10","3","0","Belgian"
"10","3","0","Strong"
"10","3","0","Golden"
"10","3","0","Ale"
"8","4.25","102","IPA"
"8","4.25","102","Imperial"
"8","4.25","102","Double"
"4.5","3.5","0","Lager"
"4.5","3.5","0","Pale"
"4.5","2.5","0","Pilsner"
"4.5","2.5","0","Other"
"9.2","4.5","82","Stout"
"9.2","4.5","82","American"
"9.2","4.5","82","Imperial"
"9.2","4.5","82","Double"
"6","4","0","IPA"
"6","4","0","English"
"6.9","2.5","70","IPA"
"6.9","2.5","70","American"
"4","0.5","0","Lager"
"4","0.5","0","Euro"
"4","0.5","0","Dark"
"4.7","4.5","0","Rye"
"4.7","4.5","0","Beer"
"5.8","2.5","0","Saison"
"5.8","2.5","0","Farmhouse"
"5.8","2.5","0","Ale"
"4.5","3.5","0","Stout"
"4.5","3.5","0","Milk"
"4.5","3.5","0","Sweet"
"10.4","2.5","178","IPA"
"10.4","2.5","178","Triple"
"8.4","4","50","Smoked"
"8.4","4","50","Beer"
"4.9","2.25","0","Pilsner"
"4.9","2.25","0","German"
"4.1","4","0","Blonde"
"4.1","4","0","Ale"
"4.1","4","0","Belgian"
"4.1","4","0","Blonde"
"4.1","4","0","Golden"
"4.5","1","0","Gluten-Free"
"4.7","3","41","IPA"
"4.7","3","41","Session"
"4.7","3","41","India"
"4.7","3","41","Session"
"4.7","3","41","Ale"
"4.2","3.25","0","Lager"
"4.2","3.25","0","Pale"
"5.3","4","30","Stout"
"5.3","4","30","Milk"
"5.3","4","30","Sweet"
"7.2","2","65","IPA"
"7.2","2","65","Imperial"
"7.2","2","65","Double"
"9.8","3","50","Old"
"9.8","3","50","Ale"
"5","3.5","0","Pale"
"5","3.5","0","Ale"
"5","3.5","0","American"
"4.7","3.5","35","Pale"
"4.7","3.5","35","Ale"
"4.7","3.5","35","American"
"5.3","3.5","11","Kristallweizen"
"5.3","3.5","11",""
"4.8","3","27","Pilsner"
"4.8","3","27","German"
"4.9","4","38","Pale"
"4.9","4","38","Ale"
"4.9","4","38","American"
"0","3.5","0","Lager"
"0","3.5","0","Dunkel"
"0","3.5","0","Munich"
"6","4","0","Kellerbier"
"6","4","0","Zwickelbier"
"5.2","3.5","14","Hefeweizen"
"5.1","2.5","27","Pilsner"
"5.1","2.5","27","German"
"4.8","2","0","K?lsch"
"5","3","0","Lager"
"5","3","0","Helles"
"5.2","2.5","0","Lager"
"5.2","2.5","0","Helles"
"5.2","1.5","25","Lager"
"5.2","1.5","25","Pale"
"4.5","2","0","Lager"
"4.5","2","0","Pale"
"5","3.5","31","Pale"
"5","3.5","31","Ale"
"5","3.5","31","English"
"4.5","3.5","0","Lager"
"4.5","3.5","0","Euro"
"7.2","4","65","IPA"
"7.2","4","65","American"
"5","3","35","California"
"5","3","35","Common"
"6.4","3","58","IPA"
"6.4","3","58","American"
"4.1","3","30","Pale"
"4.1","3","30","Ale"
"4.1","3","30","American"
"5.7","2.5","78","Pale"
"5.7","2.5","78","Ale"
"5.7","2.5","78","American"
"4.6","1.5","18","Pilsner"
"4.6","1.5","18","Other"
"4.5","4","0","Rye"
"4.5","4","0","Beer"
"5.7","4","30","Pale"
"5.7","4","30","Wheat"
"5.7","4","30","Ale"
"5.7","4","30","American"
"5.5","3","15","Kellerbier"
"5.5","3","15","Zwickelbier"
"5","3.5","20","Lager"
"5","3.5","20","Pale"
"4.5","4","0","Stout"
"4.5","4","0","Other"
"4.6","3","0","Lager"
"4.6","3","0","Euro"
"4.8","3","15","Hefeweizen"
"5.7","3","25","Saison"
"5.7","3","25","Farmhouse"
"5.7","3","25","Ale"
"14","3.5","0","Stout"
"14","3.5","0","American"
"14","3.5","0","Imperial"
"14","3.5","0","Double"
"6","4","75","Sour"
"6","4","75","Farmhouse"
"6","4","75","IPA"
"4.3","4","0","Witbier"
"4","3.5","10","Pale"
"4","3.5","10","Ale"
"4","3.5","10","American"
"4.9","3","0","Hefeweizen"
"4.5","3.5","25","English"
"4.5","3.5","25","Bitter"
"5","3.5","0","Lager"
"5","3.5","0","Pale"
"4.7","4","55","IPA"
"4.7","4","55","English"
"5.4","3","14","Hefeweizen"
"4.7","4","45","Pale"
"4.7","4","45","Ale"
"4.7","4","45","American"
"4.5","4","0","Pale"
"4.5","4","0","Ale"
"4.5","4","0","American"
"6.4","3.5","70","IPA"
"6.4","3.5","70","Black"
"6.4","3.5","70","Cascadian"
"6.4","3.5","70","Dark"
"6.4","3.5","70","Ale"
"7.1","3.5","0","IPA"
"7.1","3.5","0","American"
"5.6","2.5","45","Red"
"5.6","2.5","45","Ale"
"5.6","2.5","45","American"
"5.6","2.5","45","Amber"
"5.6","2.5","45","Red"
"4.5","3","35","Lager"
"4.5","3","35","American"
"4.5","3","35","Light"
"7.75","1","0","IPA"
"7.75","1","0","American"
"8.2","3.5","70","IPA"
"8.2","3.5","70","Imperial"
"8.2","3.5","70","Double"
"5.2","3.5","21","Lager"
"5.2","3.5","21","Helles"
"6.3","4","0","Strong"
"6.3","4","0","Ale"
"6.3","4","0","English"
"6.5","3.5","0","Doppelbock"
"6.5","3.5","0",""
"4.7","3.5","42","IPA"
"4.7","3.5","42","Session"
"4.7","3.5","42","India"
"4.7","3.5","42","Session"
"4.7","3.5","42","Ale"
"4.7","4","0","Pale"
"4.7","4","0","Ale"
"4.7","4","0","New"
"4.7","4","0","Zealand"
"5.3","3.5","40","Pale"
"5.3","3.5","40","Ale"
"5.3","3.5","40","American"
"4.7","4","0","Lager"
"4.7","4","0","Pale"
"5.5","4","0","Schwarzbier"
"4","3.5","34","Stout"
"4","3.5","34","Irish"
"4","3.5","34","Dry"
"5.3","3.5","0","Hefeweizen"
"4.2","3.5","45","Pale"
"4.2","3.5","45","Ale"
"4.2","3.5","45","English"
"6.5","3.5","45","Porter"
"6.5","3.5","45","American"
"5.8","2.5","0","Hefeweizen"
"7.2","3","70","IPA"
"7.2","3","70","American"
"7.2","4","70","IPA"
"7.2","4","70","American"
"5.7","4","0","Saison"
"5.7","4","0","Farmhouse"
"5.7","4","0","Ale"
"5.5","4.5","0","Hefeweizen"
"8.7","3.5","100","IPA"
"8.7","3.5","100","Imperial"
"8.7","3.5","100","Double"
"8","4","0","Stout"
"8","4","0","American"
"5.4","3.5","17","Lager"
"5.4","3.5","17","Pale"
"7.2","4","70","IPA"
"7.2","4","70","American"
"4.5","3","0","Lager"
"4.5","3","0","Euro"
"4.5","3","0","Dark"
"4.7","2.5","0","Lager"
"4.7","2.5","0","Pale"
"7","4","72","IPA"
"7","4","72","English"
"5.7","4","56","Pale"
"5.7","4","56","Ale"
"5.7","4","56","American"
"6.5","3","0","Smoked"
"6.5","3","0","Beer"
"6.5","3.5","65","IPA"
"6.5","3.5","65","Black"
"6.5","3.5","65","Cascadian"
"6.5","3.5","65","Dark"
"6.5","3.5","65","Ale"
"6.4","3","69","IPA"
"6.4","3","69","American"
"4.7","4.5","30","Pilsner"
"4.7","4.5","30","Other"
"5.5","3.5","0","Kellerbier"
"5.5","3.5","0","Zwickelbier"
"7","4","22","Belgian"
"7","4","22","Dubbel"
"5.3","4","0","Hefeweizen"
"6.9","3.5","0","IPA"
"6.9","3.5","0","American"
"5.5","3.5","70","Pale"
"5.5","3.5","70","Ale"
"5.5","3.5","70","American"
"5","3","18","Lager"
"5","3","18","Pale"
"5.1","1.5","0","Lager"
"5.1","1.5","0","Pale"
"4.2","3.5","0","Stout"
"4.2","3.5","0","Other"
"3.8","3.5","0","Blonde"
"3.8","3.5","0","Ale"
"4.6","4","0","English"
"4.6","4","0","Bitter"
"5","3","35","Golden"
"5","3","35","Ale"
"7","3","0","Strong"
"7","3","0","Ale"
"7","3","0","English"
"6.5","3","0","Stout"
"6.5","3","0","Milk"
"6.5","3","0","Sweet"
"5","2","30","Pale"
"5","2","30","Ale"
"5","2","30","American"
"5.8","4","0","Stout"
"5.8","4","0","Other"
"4.3","3.5","0","English"
"4.3","3.5","0","Bitter"
"9","4","88","IPA"
"9","4","88","Imperial"
"9","4","88","Double"
"4.7","2.5","0","Pilsner"
"4.7","2.5","0","Czech"
"4.6","4","0","Porter"
"4.6","4","0","Other"
"4.5","4","0","Hefeweizen"
"8.3","4","0","Belgian"
"8.3","4","0","Tripel"
"7.5","5","0","Doppelbock"
"7.5","5","0",""
"10","3.5","50","Strong"
"10","3.5","50","Ale"
"10","3.5","50","English"
"6.9","5","14","Stout"
"6.9","5","14","Oatmeal"
"5.8","4","15","Stout"
"5.8","4","15","Oatmeal"
"4.6","2","0","IPA"
"4.6","2","0","English"
"6.8","3","0","Stout"
"6.8","3","0","Imperial"
"6.8","3","0","Oatmeal"
"5.4","4","0","Porter"
"5.4","4","0","Other"
"4.7","4","47","Pale"
"4.7","4","47","Ale"
"4.7","4","47","American"
"4.6","4","0","Witbier"
"4.6","4","45","Saison"
"4.6","4","45","Farmhouse"
"4.6","4","45","Ale"
"3.8","4","0","English"
"3.8","4","0","Bitter"
"4.5","2.75","46","IPA"
"4.5","2.75","46","Session"
"4.5","2.75","46","India"
"4.5","2.75","46","Session"
"4.5","2.75","46","Ale"
"6","4","40","Porter"
"6","4","40","Other"
"6.2","4","0","Spiced"
"6.2","4","0","Herbed"
"6.2","4","0","Beer"
"4.5","3","43","Pilsner"
"4.5","3","43","Other"
"6.5","2","55","IPA"
"6.5","2","55","American"
"6","3","0","IPA"
"6","3","0","American"
"6.6","4","0","Pale"
"6.6","4","0","Ale"
"6.6","4","0","American"
"12","4","85","Barleywine"
"12","4","85","American"
"9.75","4","0","IPA"
"9.75","4","0","Imperial"
"9.75","4","0","Double"
"5.3","3","0","Altbier"
"6.5","4","66","IPA"
"6.5","4","66","American"
"4.7","3","0","Lager"
"4.7","3","0","Dunkel"
"4.7","3","0","Munich"
"6","4","0","Old"
"6","4","0","Ale"
"4.5","3","13","Lager"
"4.5","3","13","Pale"
"8","3.5","0","IPA"
"8","3.5","0","Imperial"
"8","3.5","0","Double"
"4.6","2","16","Lager"
"4.6","2","16","Euro"
"4.6","2","16","Dark"
"5","3.25","24","Lager"
"5","3.25","24","Euro"
"11","4","90","Stout"
"11","4","90","Russian"
"11","4","90","Imperial"
"5","4","0","Porter"
"5","4","0","Other"
"4.7","2","45","Pale"
"4.7","2","45","Ale"
"4.7","2","45","American"
"5.2","3.5","33","Lager"
"5.2","3.5","33","Vienna"
"6.2","4.5","46","IPA"
"6.2","4.5","46","American"
"8.2","4","72","IPA"
"8.2","4","72","Imperial"
"8.2","4","72","Double"
"8.2","3","70","IPA"
"8.2","3","70","Imperial"
"8.2","3","70","Double"
"9","3","0","Belgian"
"9","3","0","Quad"
"5","2","8","Lager"
"5","2","8","Euro"
"6.5","2","0","Bock"
"6.1","4","0","Porter"
"6.1","4","0","Other"
"4.3","3","0","Pilsner"
"4.3","3","0","Czech"
"4.1","3","0","Pilsner"
"4.1","3","0","Czech"
"5","3","38","Extra"
"5","3","38","Special"
"5","3","38","Strong"
"5","3","38","Bitter"
"6.3","2","63","IPA"
"6.3","2","63","Black"
"6.3","2","63","Cascadian"
"6.3","2","63","Dark"
"6.3","2","63","Ale"
"6","3","0","Stout"
"6","3","0","Other"
"7.5","3","50","IPA"
"7.5","3","50","American"
"7.2","4","65","IPA"
"7.2","4","65","Black"
"7.2","4","65","Cascadian"
"7.2","4","65","Dark"
"7.2","4","65","Ale"
"8.5","2","85","IPA"
"8.5","2","85","Imperial"
"8.5","2","85","Double"
"4.7","3","45","Red"
"4.7","3","45","Ale"
"4.7","3","45","American"
"4.7","3","45","Amber"
"4.7","3","45","Red"
"4.5","4","0","Lager"
"4.5","4","0","Pale"
"3.5","2.5","14","Lager"
"3.5","2.5","14","Pale"
"7","3","32","Pale"
"7","3","32","Ale"
"7","3","32","Belgian"
"4.5","3","29","Lager"
"4.5","3","29","Dunkel"
"4.5","3","29","Munich"
"4.5","2.75","18","Lager"
"4.5","2.75","18","Pale"
"4.2","3","0","Scottish"
"4.2","3","0","Ale"
"16","5","100","Stout"
"16","5","100","Imperial"
"16","5","100","Double"
"4.7","3","0","Witbier"
"4.6","3","20","Lager"
"4.6","3","20","Winter"
"4.4","4","0","English"
"4.4","4","0","Bitter"
"4.5","2","0","Lager"
"4.5","2","0","Pale"
"4.7","5","0","Dark"
"4.7","5","0","Ale"
"8.5","4.5","0","Porter"
"8.5","4.5","0","Baltic"
"4.5","3.5","39","IPA"
"4.5","3.5","39","Session"
"4.5","3.5","39","India"
"4.5","3.5","39","Session"
"4.5","3.5","39","Ale"
"8.5","4","0","Old"
"8.5","4","0","Ale"
"5","3","32","Pilsner"
"5","3","32","Czech"
"9","4","47","IPA"
"9","4","47","Belgian"
"4.3","4","0","Red"
"4.3","4","0","Ale"
"4.3","4","0","Irish"
"6.7","4","0","Doppelbock"
"6.7","4","0",""
"8.2","4","60","IPA"
"8.2","4","60","Imperial"
"8.2","4","60","Double"
"5.3","3","0","Winter"
"5.3","3","0","Ale"
"6.3","3","0","Rye"
"6.3","3","0","Beer"
"5","4","28","Stout"
"5","4","28","Milk"
"5","4","28","Sweet"
"10.5","3","85","Stout"
"10.5","3","85","American"
"10.5","3","85","Imperial"
"10.5","3","85","Double"
"7.2","4","66","IPA"
"7.2","4","66","American"
"4.5","4","27","Red"
"4.5","4","27","Ale"
"4.5","4","27","American"
"4.5","4","27","Amber"
"4.5","4","27","Red"
"8.7","5","50","Old"
"8.7","5","50","Ale"
"8.3","2","60","Stout"
"8.3","2","60","Oatmeal"
"4.7","2","0","Winter"
"4.7","2","0","Ale"
"7","3.5","0","Stout"
"7","3.5","0","Milk"
"7","3.5","0","Sweet"
"4.6","3","0","Rye"
"4.6","3","0","Beer"
"6.9","4.25","47","IPA"
"6.9","4.25","47","English"
"10.4","4","70","Stout"
"10.4","4","70","Russian"
"10.4","4","70","Imperial"
"7","3","38","Bock"
"7.5","3","0","Winter"
"7.5","3","0","Ale"
"7","3","50","Pale"
"7","3","50","Ale"
"7","3","50","Belgian"
"7","4","50","Porter"
"7","4","50","Other"
"8.5","3","0","Strong"
"8.5","3","0","Ale"
"8.5","3","0","English"
"4.5","2","0","Lager"
"4.5","2","0","Euro"
"6.5","3","0","Winter"
"6.5","3","0","Ale"
"6.7","4","0","IPA"
"6.7","4","0","American"
"4.5","4","0","Dark"
"4.5","4","0","Ale"
"9","3.5","75","Stout"
"9","3.5","75","Russian"
"9","3.5","75","Imperial"
"8","2.5","40","Rauchbier"
"4.7","3.5","0","Extra"
"4.7","3.5","0","Special"
"4.7","3.5","0","Strong"
"4.7","3.5","0","Bitter"
"5","3","0","Pale"
"5","3","0","Ale"
"5","3","0","New"
"5","3","0","Zealand"
"8","4","72","Stout"
"8","4","72","American"
"8","4","72","Imperial"
"8","4","72","Double"
"5.9","4","27","M?rzen"
"4.7","3.5","0","Lager"
"4.7","3.5","0","Pale"
"4.5","2","0","Porter"
"4.5","2","0","Other"
"4.5","4","35","Scottish"
"4.5","4","35","Ale"
"4.5","4","0","Winter"
"4.5","4","0","Ale"
"4.5","4","40","Pale"
"4.5","4","40","Ale"
"4.5","4","40","American"
"4.5","3","27","Winter"
"4.5","3","27","Ale"
"8.1","4","73","Stout"
"8.1","4","73","Russian"
"8.1","4","73","Imperial"
"3.8","3","0","English"
"3.8","3","0","Bitter"
"4.2","3","0","Pale"
"4.2","3","0","Ale"
"4.2","3","0","English"
"4.5","4","0","English"
"4.5","4","0","Bitter"
"5.7","2","65","Pale"
"5.7","2","65","Ale"
"5.7","2","65","American"
"4","4","0","Stout"
"4","4","0","Other"
"6.6","3","0","Fruit"
"6.6","3","0","Beer"
"9","3","50","Red"
"9","3","50","Ale"
"9","3","50","Imperial"
"9","3","50","Double"
"9.2","3","0","IPA"
"9.2","3","0","Imperial"
"9.2","3","0","Double"
"5.6","4","0","Pale"
"5.6","4","0","Ale"
"5.6","4","0","American"
"3.8","4","0","Lager"
"3.8","4","0","Dark"
"4.7","2.5","22","Lager"
"4.7","2.5","22","Pale"
"5.4","3","45","Pale"
"5.4","3","45","Ale"
"5.4","3","45","American"
"4.5","3.5","0","IPA"
"4.5","3.5","0","American"
"4.5","2.5","30","Lager"
"4.5","2.5","30","Dark"
"3.8","4","32","Lager"
"3.8","4","32","Dunkel"
"3.8","4","32","Munich"
"4.6","3","23","Pale"
"4.6","3","23","Ale"
"4.6","3","23","English"
"4.5","4.5","25","Stout"
"4.5","4.5","25","Oatmeal"
"4.5","3","30","English"
"4.5","3","30","Bitter"
"4.2","3","0","Pale"
"4.2","3","0","Ale"
"4.2","3","0","English"
"10","4","80","Barleywine"
"10","4","80","American"
"5","1","0","Pilsner"
"5","1","0","Czech"
"8.2","4","16","Weizenbock"
"5","4","0","Extra"
"5","4","0","Special"
"5","4","0","Strong"
"5","4","0","Bitter"
"4.2","3","0","Traditional"
"4.2","3","0","Ale"
"16","2","0","Stout"
"16","2","0","American"
"16","2","0","Imperial"
"16","2","0","Double"
"4.7","2.5","24","Lager"
"4.7","2.5","24","Pale"
"4.7","2.5","35","Pilsner"
"4.7","2.5","35","Other"
"4.9","3","0","Cream"
"4.9","3","0","Ale"
"5.2","3","0","Extra"
"5.2","3","0","Special"
"5.2","3","0","Strong"
"5.2","3","0","Bitter"
"7.2","4","250","IPA"
"7.2","4","250","American"
"4.7","2.5","0","Cider"
"8","5","0","Stout"
"8","5","0","American"
"8","5","0","Imperial"
"8","5","0","Double"
"4.7","3.5","0","Lager"
"4.7","3.5","0","Pale"
"5.7","4","29","Lager"
"5.7","4","29","Dunkel"
"5.7","4","29","Munich"
"15","4","70","Stout"
"15","4","70","American"
"15","4","70","Imperial"
"15","4","70","Double"
"7.7","4","17","Weizenbock"
"6.1","4.5","0","Blonde"
"6.1","4.5","0","Ale"
"6.1","4.5","0","Belgian"
"6.1","4.5","0","Blonde"
"6.1","4.5","0","Golden"
"4.3","3","20","Red"
"4.3","3","20","Ale"
"4.3","3","20","American"
"4.3","3","20","Amber"
"4.3","3","20","Red"
"4.9","3","0","Pilsner"
"4.9","3","0","German"
"6","4.5","0","Red"
"6","4.5","0","Ale"
"6","4.5","0","American"
"6","4.5","0","Amber"
"6","4.5","0","Red"
"8.2","3","52","Barleywine"
"8.2","3","52","English"
"4.7","3.25","15","Lager"
"4.7","3.25","15","Euro"
"5.2","3.5","0","Lager"
"5.2","3.5","0","Helles"
"7","4","24","Belgian"
"7","4","24","Dubbel"
"5.1","4","30","Rauchbier"
"6","4","0","IPA"
"6","4","0","English"
"7.2","4","0","Porter"
"7.2","4","0","Baltic"
"7.3","4","60","Sahti"
"3.9","2","120","Pale"
"3.9","2","120","Ale"
"3.9","2","120","International"
"5","4","35","Red"
"5","4","35","Ale"
"5","4","35","American"
"5","4","35","Amber"
"5","4","35","Red"
"8","3","28","Belgian"
"8","3","28","Strong"
"8","3","28","Dark"
"8","3","28","Ale"
"5.6","3.75","32","Porter"
"5.6","3.75","32","American"
"4.5","4","0","Cider"
"5.3","3.5","45","IPA"
"5.3","3.5","45","Belgian"
"7","4","0","Stout"
"7","4","0","Oatmeal"
"6.5","2","0","Porter"
"6.5","2","0","Other"
"4.8","3.5","0","Kellerbier"
"4.8","3.5","0","Zwickelbier"
"7.5","4","41","Saison"
"7.5","4","41","Farmhouse"
"7.5","4","41","Ale"
"8","4","0","Pale"
"8","4","0","Ale"
"8","4","0","American"
"8.2","3","60","IPA"
"8.2","3","60","Imperial"
"8.2","3","60","Double"
"6.2","4","60","IPA"
"6.2","4","60","American"
"7","5","60","Rye"
"7","5","60","IPA"
"4","2.5","12","Lager"
"4","2.5","12","Pale"
"4.1","2","33","English"
"4.1","2","33","Bitter"
"0.5","2","0","Non-Alcoholic"
"4.2","3.5","36","Porter"
"4.2","3.5","36","Other"
"3.7","3","30","Pale"
"3.7","3","30","Ale"
"3.7","3","30","American"
"9.4","4","60","Stout"
"9.4","4","60","Imperial"
"9.4","4","60","Oatmeal"
"8.8","3","70","IPA"
"8.8","3","70","Imperial"
"8.8","3","70","Double"
"8.8","3","70","Black"
"4.5","3","24","Lager"
"4.5","3","24","Pale"
"5.4","3","0","Lager"
"5.4","3","0","Euro"
"1.4","3","0","Pale"
"1.4","3","0","Wheat"
"1.4","3","0","Ale"
"1.4","3","0","American"
"4.5","4","0","Brown"
"4.5","4","0","Ale"
"4.5","4","0","English"
"4.6","4","0","Pilsner"
"4.6","4","0","Czech"
"0.5","4","45","Non-Alcoholic"
"4.2","3","10","Lager"
"4.2","3","10","American"
"4.2","3","10","Light"
"5","3","0","Red"
"5","3","0","Ale"
"5","3","0","American"
"5","3","0","Amber"
"5","3","0","Red"
"8.5","3","92","IPA"
"8.5","3","92","Imperial"
"8.5","3","92","Double"
"4.8","4","19","K?lsch"
"5.4","3","40","Spiced"
"5.4","3","40","Herbed"
"5.4","3","40","Beer"
"9","4","101","IPA"
"9","4","101","Imperial"
"9","4","101","Double"
"6","4","0","Stout"
"6","4","0","Other"
"7","4","0","IPA"
"7","4","0","Black"
"7","4","0","Cascadian"
"7","4","0","Dark"
"7","4","0","Ale"
"9","3.5","45","Belgian"
"9","3.5","45","Strong"
"9","3.5","45","Dark"
"9","3.5","45","Ale"
"4.4","3","0","English"
"4.4","3","0","Bitter"
"4.6","4","20","Lager"
"4.6","4","20","Pale"
"4.7","4","0","Rye"
"4.7","4","0","Beer"
"4.7","3","0","Pilsner"
"4.7","3","0","Other"
"5.3","3","0","IPA"
"5.3","3","0","English"
"8","3.5","80","Barleywine"
"8","3.5","80","American"
"4.6","4","0","Pilsner"
"4.6","4","0","Other"
"4.5","3","0","Cider"
"4.4","1","0","Pale"
"4.4","1","0","Ale"
"4.4","1","0","American"
"4.7","3","0","Cider"
"4.7","4","0","Cider"
"9","4","0","Rauchbier"
"5","3","19","Lager"
"5","3","19","Euro"
"4.3","3","0","Red"
"4.3","3","0","Ale"
"4.3","3","0","Irish"
"5.5","4","0","Brown"
"5.5","4","0","Ale"
"5.5","4","0","American"
"5.2","4","25","Stout"
"5.2","4","25","Milk"
"5.2","4","25","Sweet"
"5.4","4","0","Witbier"
"4.9","3.5","15","Witbier"
"9.5","4","36","Belgian"
"9.5","4","36","Tripel"
"4.7","3.5","0","Lager"
"4.7","3.5","0","Pale"
"4.7","3","35","Extra"
"4.7","3","35","Special"
"4.7","3","35","Strong"
"4.7","3","35","Bitter"
"4.5","3","0","Pilsner"
"4.5","3","0","Other"
"5.6","3","45","IPA"
"5.6","3","45","International"
"7","3","19","Belgian"
"7","3","19","Dubbel"
"4.5","1","20","Lambic"
"4.5","1","20","Traditional"
"6.3","4","0","Belgian"
"6.3","4","0","Strong"
"6.3","4","0","Golden"
"6.3","4","0","Ale"
"4.8","4","40","Pale"
"4.8","4","40","Ale"
"4.8","4","40","English"
"5","1","0","Witbier"
"11","3","14","Belgian"
"11","3","14","Quad"
"4.7","3","40","Pilsner"
"4.7","3","40","Czech"
"5.4","3.5","0","Hefeweizen"
"7.3","4","95","IPA"
"7.3","4","95","American"
"4.6","4","0","Rauchbier"
"4.7","3.5","0","Lager"
"4.7","3.5","0","Pale"
"4.5","3","19","Lager"
"4.5","3","19","Pale"
"5","4","12","Hefeweizen"
"4.7","3","0","Pilsner"
"4.7","3","0","Czech"
"4.5","2","26","Pilsner"
"4.5","2","26","Other"
"4.6","2","10","Lager"
"4.6","2","10","Pale"
"4.6","2","18","Lager"
"4.6","2","18","Pale"
"4.5","4","0","IPA"
"4.5","4","0","English"
"6.5","4","22","Belgian"
"6.5","4","22","Dubbel"
"4.6","3.5","0","K?lsch"
"6.5","4","0","Gluten-Free"
"5.9","4","55","IPA"
"5.9","4","55","English"
"4.6","4","39","Pale"
"4.6","4","39","Ale"
"4.6","4","39","New"
"4.6","4","39","Zealand"
"4.5","3","0","Blonde"
"4.5","3","0","Ale"
"2","3","0","Shandy"
"2","3","0","Radler"
"6.7","3","22","Blonde"
"6.7","3","22","Ale"
"6.7","3","22","Belgian"
"6.7","3","22","Blonde"
"6.7","3","22","Golden"
"4.6","2","20","Lager"
"4.6","2","20","Pale"
"7.1","3.25","65","IPA"
"7.1","3.25","65","American"
"6.7","4","75","IPA"
"6.7","4","75","American"
"4","3","0","Golden"
"4","3","0","Ale"
"6.5","4","0","Porter"
"6.5","4","0","English"
"5.5","3.25","35","Pale"
"5.5","3.25","35","Ale"
"5.5","3.25","35","American"
"5.2","3","0","Pale"
"5.2","3","0","Ale"
"5.2","3","0","New"
"5.2","3","0","Zealand"
"3.8","3","19","Lager"
"3.8","3","19","Dark"
"4.7","4","18","Brown"
"4.7","4","18","Ale"
"4.7","4","18","English"
"4.2","4","55","Pale"
"4.2","4","55","Ale"
"4.2","4","55","American"
"4.5","4","19","Lager"
"4.5","4","19","North"
"4.5","4","19","American"
"4.5","4","19","Adjunct"
"4.8","4","0","Lager"
"4.8","4","0","American"
"4.8","4","0","Amber"
"4.8","4","0","Red"
"5","4","0","Rauchbier"
"4.7","3","14","Hefeweizen"
"4.6","3","0","Lager"
"4.6","3","0","Euro"
"8","3","0","Pilsner"
"8","3","0","Imperial"
"8","3","0","Double"
"4.5","4","0","Pale"
"4.5","4","0","Ale"
"4.5","4","0","American"
"6.5","4","20","Brown"
"6.5","4","20","Ale"
"6.5","4","20","Belgian"
"7.5","4","27","Belgian"
"7.5","4","27","Strong"
"7.5","4","27","Golden"
"7.5","4","27","Ale"
"4.5","3","0","Lager"
"4.5","3","0","North"
"4.5","3","0","American"
"4.5","3","0","Adjunct"
"5.9","4","55","IPA"
"5.9","4","55","English"
"6.5","4","0","IPA"
"6.5","4","0","American"
"5.7","4","57","IPA"
"5.7","4","57","American"
"4.2","4","45","Stout"
"4.2","4","45","Irish"
"4.2","4","45","Dry"
"4.5","5","0","Lager"
"4.5","5","0","Dark"
"5","2","15","Lager"
"5","2","15","Helles"
"0","5","0","IPA"
"0","5","0","Imperial"
"0","5","0","Double"
"7","4","0","IPA"
"7","4","0","American"
"5","4","0","Hefeweizen"
"4.5","3","0","Lager"
"4.5","3","0","Euro"
"4.6","3","16","Lager"
"4.6","3","16","Pale"
"5.2","3","50","Pilsner"
"5.2","3","50","Other"
"4.4","2","18","Lager"
"4.4","2","18","North"
"4.4","2","18","American"
"4.4","2","18","Adjunct"
"5.1","3","13","Hefeweizen"
"3.5","2","0","English"
"3.5","2","0","Bitter"
"5.4","2","0","Hefeweizen"
"8.3","4.5","48","Barleywine"
"8.3","4.5","48","English"
"6.7","4","24","Doppelbock"
"6.7","4","24",""
"5.5","4","12","Hefeweizen"
"4.2","4","0","Blonde"
"4.2","4","0","Ale"
"7.8","4","66","IPA"
"7.8","4","66","American"
"9.2","4","85","Porter"
"9.2","4","85","Imperial"
"9.2","4","85","Double"
"7","4","0","IPA"
"7","4","0","American"
"6.5","3.5","40","Rauchbier"
"6.6","4","65","IPA"
"6.6","4","65","Black"
"6.6","4","65","Cascadian"
"6.6","4","65","Dark"
"6.6","4","65","Ale"
"9.6","3","90","Barleywine"
"9.6","3","90","American"
"6.7","3","0","IPA"
"6.7","3","0","American"
"8","4","0","Porter"
"8","4","0","Imperial"
"8","4","0","Double"
"4.6","2","0","Brown"
"4.6","2","0","Ale"
"4.6","2","0","English"
"7.1","4","60","IPA"
"7.1","4","60","American"
"7.5","1","13","Gruit"
"7.5","1","13","Ancient"
"7.5","1","13","Herbed"
"7.5","1","13","Ale"
"4.5","3.25","24","Pale"
"4.5","3.25","24","Ale"
"4.5","3.25","24","American"
"8","3","0","IPA"
"8","3","0","Black"
"8","3","0","Cascadian"
"8","3","0","Dark"
"8","3","0","Ale"
"4.3","2","35","Pale"
"4.3","2","35","Ale"
"4.3","2","35","American"
"3.9","3","17","Schwarzbier"
"0.4","3","8","Non-Alcoholic"
"4.7","3","0","Red"
"4.7","3","0","Ale"
"4.7","3","0","American"
"4.7","3","0","Amber"
"4.7","3","0","Red"
"6.8","4","68","IPA"
"6.8","4","68","American"
"6.8","3","100","IPA"
"6.8","3","100","English"
"7","2","0","IPA"
"7","2","0","American"
"4.5","1","0","Golden"
"4.5","1","0","Ale"
"4.5","4","25","Lager"
"4.5","4","25","Euro"
"4.5","4","25","Dark"
"4.5","2","20","Kellerbier"
"4.5","2","20","Zwickelbier"
"6.6","4","20","Blonde"
"6.6","4","20","Ale"
"6.6","4","20","Belgian"
"6.6","4","20","Blonde"
"6.6","4","20","Golden"
"4.3","3","30","Lager"
"4.3","3","30","Helles"
"7.9","4","0","IPA"
"7.9","4","0","American"
"5","4","25","Red"
"5","4","25","Ale"
"5","4","25","American"
"5","4","25","Amber"
"5","4","25","Red"
"7","3","0","IPA"
"7","3","0","American"
"4.3","2","0","Red"
"4.3","2","0","Ale"
"4.3","2","0","American"
"4.3","2","0","Amber"
"4.3","2","0","Red"
"4.8","2","24","Pilsner"
"4.8","2","24","German"
"4","1","0","Ginger"
"4","1","0","Beer"
"5.6","5","38","Pale"
"5.6","5","38","Ale"
"5.6","5","38","American"
"7.2","4","65","IPA"
"7.2","4","65","American"
"5.5","3","22","Lager"
"5.5","3","22","Dunkel"
"5.5","3","22","Munich"
"4.7","2","0","Pilsner"
"4.7","2","0","Czech"
"6","2.25","0","Festbier"
"4.6","3","0","Pale"
"4.6","3","0","Ale"
"4.6","3","0","American"
"4.4","3.75","40","Pilsner"
"4.4","3.75","40","Czech"
"5.6","4.5","45","IPA"
"5.6","4.5","45","American"
